timestamp, current1, current2, current3, current4, accel x, accel y, accel z, degrees x, degrees y, degrees z, baro temp, baro pressure
3723, 0.00123047, -0.000410156, 0, 0.00123047, 0.139444, 0.220175, 9.79532, -0.12207, 0.0152588, 0.0152588, 21.6146, 92214.5
3733, -0.00164062, 0.00287109, 0.000410156, 0.00205078, 0.156569, 0.232406, 9.78064, -0.0305176, 0.0610352, 0.0305176, 21.614, 92214.3
3743, 0.000410156, -0.000410156, 0.00246094, 0.00328125, 0.139444, 0.207943, 9.80511, -0.0915527, 0, 0.0610352, 21.6232, 92213.9
3753, 0.000410156, 0.00123047, -0.000410156, 0.00328125, 0.154122, 0.215282, 9.79532, -0.137329, -0.0305176, 0.0152588, 21.6176, 92213.8
3763, 0.00246094, 0.00246094, 0.000820312, 0.00205078, 0.146783, 0.227514, 9.79777, -0.12207, -0.0152588, 0.0457764, 21.6094, 92214.2
3773, 0.000410156, 0.00246094, 0.000820312, -0.000410156, 0.14189, 0.217728, 9.78554, -0.152588, 0.0152588, 0.0762939, 21.6104, 92214
3783, 0.000820312, -0.00246094, 0.00205078, 0.00164062, 0.159015, 0.244638, 9.77575, -0.0457764, 0.0152588, 0.0305176, 21.6119, 92213.5
3793, 0.00410156, -0.000410156, 0.00164062, 0.00123047, 0.166354, 0.212835, 9.74639, -0.0610352, 0, 0, 21.6142, 92213.5
3813, 0.000820312, 0.000820312, 0, 0.00164062, 0.163908, 0.227514, 9.78554, -0.0915527, -0.198364, 0.0152588, 21.618, 92213.5
3823, 0.000820312, 0.000820312, 0, -0.00164062, 0.151676, 0.237299, 9.8418, -0.0305176, -0.106812, 0.0152588, 21.6094, 92213.8
3833, -0.000410156, -0.000410156, 0.00164062, 0.000820312, 0.132105, 0.232406, 9.78798, 0, 0.0152588, 0.0152588, 21.6231, 92213.8
3843, 0.00164062, 0.00246094, 0, 0.000820312, 0.144337, 0.232406, 9.7782, -0.0610352, -0.0457764, 0.0762939, 21.6072, 92214.4
3853, 0.00246094, 0.00246094, 0.00164062, 0.00246094, 0.136998, 0.20305, 9.79288, -0.0305176, -0.0762939, 0.0610352, 21.6115, 92213.6
3863, 0.00246094, 0, 0.000820312, 0.00246094, 0.129658, 0.205496, 9.80511, -0.0610352, -0.0762939, 0, 21.611, 92213.9
3873, 0, -0.000820312, 0.000820312, 0.00410156, 0.139444, 0.232406, 9.81734, -0.12207, -0.0610352, 0, 21.6155, 92213.6
3893, -0.000820312, -0.000820312, 0.000410156, 0.00246094, 0.154122, 0.222621, 9.78554, -0.137329, -0.0305176, -0.0457764, 21.6137, 92213.6
3903, 0.00205078, 0.000820312, 0.00164062, 0.00123047, 0.173693, 0.215282, 9.79532, -0.0762939, 0.0152588, -0.0457764, 21.6219, 92213.9
3913, 0.00205078, -0.000820312, 0.00164062, 0.00123047, 0.198157, 0.215282, 9.80511, -0.0915527, 0.0152588, 0.0152588, 21.6133, 92213.9
3923, 0.00164062, -0.00123047, 0.000410156, 0.000820312, 0.17614, 0.215282, 9.78798, -0.0457764, -0.0457764, 0, 21.6213, 92213.3
3933, 0.00369141, -0.00123047, 0.000410156, -0.000410156, 0.190818, 0.242192, 9.75618, -0.0915527, -0.0305176, 0, 21.6104, 92214
3943, 0, -0.000410156, 0.00328125, 0.00369141, 0.173693, 0.22996, 9.78309, -0.0457764, -0.0457764, 0.0457764, 21.6198, 92213.5
3953, 0.00451172, 0.00123047, 0.000410156, 0.00205078, 0.156569, 0.220175, 9.80021, 0.0152588, -0.0915527, 0, 21.6134, 92213.8
3963, 0.00451172, 0.000410156, 0.00123047, 0.00205078, 0.149229, 0.242192, 9.77575, 0, -0.106812, 0.0610352, 21.6196, 92213.9
3983, 0.00246094, 0.00205078, -0.000410156, 0.00328125, 0.144337, 0.232406, 9.80511, -0.0152588, -0.152588, 0.0305176, 21.623, 92213.7
3993, -0.00123047, -0.000410156, -0.000410156, 0.00123047, 0.134551, 0.205496, 9.79288, 0, -0.274658, 0.106812, 21.611, 92213.7
4003, 0, 0.000410156, 0.000820312, 0.00164062, 0.11498, 0.227514, 9.79777, 0, -0.12207, 0.0152588, 21.6142, 92214.1
4013, 0.00287109, 0, 0.000820312, 0.00287109, 0.122319, 0.254424, 9.77575, -0.152588, -0.213623, 0.0305176, 21.621, 92213.7
4023, 0.00287109, 0.000410156, 0.00123047, 0.00287109, 0.11498, 0.261763, 9.7782, -0.0915527, -0.167847, 0.0915527, 21.6216, 92213.8
4033, -0.000410156, 0.000410156, 0.00123047, 0.00164062, 0.136998, 0.227514, 9.79532, -0.106812, -0.198364, 0.0762939, 21.6178, 92213.8
4043, 0.00164062, 0.000410156, 0.00328125, 0.00164062, 0.127212, 0.225067, 9.79777, -0.0152588, -0.183105, 0.0457764, 21.6282, 92213.2
4063, 0.00328125, 0.000820312, 0.00205078, 0.00287109, 0.168801, 0.227514, 9.83691, -0.0762939, -0.0305176, 0, 21.6236, 92214.1
4073, 0.00328125, 0.000820312, 0.00164062, 0.00287109, 0.154122, 0.227514, 9.85648, -0.167847, 0.0610352, -0.0152588, 21.6208, 92213.5
4083, 0.00246094, 0.000820312, 0.00164062, 0, 0.156569, 0.207943, 9.80266, -0.137329, 0.12207, 0.0457764, 21.6136, 92213.8
4093, 0.00246094, 0.000820312, 0.000410156, 0.000410156, 0.190818, 0.220175, 9.7782, -0.0457764, 0.0762939, 0.0305176, 21.6205, 92213.7
4103, 0.00287109, -0.000410156, 0.000410156, 0.00328125, 0.20305, 0.198157, 9.74884, 0, -0.0152588, 0.0915527, 21.6226, 92213.3
4113, 0.00246094, -0.00123047, 0.00205078, 0.00451172, 0.193264, 0.205496, 9.7782, 0.549316, -0.411987, -0.0457764, 21.6069, 92213.8
4123, 0.00246094, 0, -0.00123047, 0.00451172, 0.207943, 0.225067, 9.76597, 1.05286, -0.717163, -0.350952, 21.6093, 92213.9
4133, 0.00123047, -0.00164062, 0.00543457, 0.000820312, 0.207943, 0.283781, 9.79043, 0.350952, -0.427246, -0.366211, 21.6258, 92213.7
4153, 0.00205078, 0, 0.000820312, 0.000410156, 0.472152, 0.496616, 9.7415, 0.915527, -0.762939, 2.74658, 21.6256, 92213.4
4163, 0.00123047, 0.00123047, 0, 0.00123047, 0.709451, 0.998125, 9.49686, 5.49316, -4.08936, 5.4779, 21.6161, 92213.4
4173, 0.00123047, 0.00205078, 0.00164062, 0.00123047, 0.570008, 1.26723, 10.0522, -5.85937, -4.2572, 12.9852, 21.6217, 92213.9
4183, 0.00123047, 0.00123047, 0.00205078, 0.00123047, -1.41401, -1.64642, 9.97391, -7.59888, 1.25122, -3.34167, 21.6104, 92213.3
4193, 0.00328125, 0.00123047, 0.00205078, 0.000410156, 0.181032, 0.198157, 9.70236, 4.21143, -0.701904, 0.0762939, 21.6213, 92213.8
4203, 0.000820312, 0.000410156, 0.00287109, 0.00123047, 0.178586, 0.315584, 9.92253, 0.0457764, -0.0762939, 0.106812, 21.6312, 92213.8
4213, 0.000410156, 0.000410156, 0, 0.00205078, 0.14189, 0.244638, 9.84425, -9.75037, 1.63269, 0.0152588, 21.6078, 92213.6
4223, 0.00205078, 0, 0.00246094, 0.00205078, 0.122319, 0.151676, 9.63386, -8.01086, 1.25122, 0.0457764, 21.6201, 92213.7
4243, 0.000410156, -0.000410156, 0.00164062, 0.00451172, 0.156569, 0.22996, 9.81979, 7.78198, -0.717163, -0.0152588, 21.6168, 92214
4253, 0.00164062, -0.000820312, 0.00123047, 0.00287109, 0.156569, 0.278888, 9.93966, 3.08228, 0.62561, -0.0305176, 21.6313, 92213.6
4263, -0.000820312, -0.00164062, 0.000820312, 0.00205078, 0.173693, 0.254424, 9.8785, -4.3335, 0.701904, 0.0305176, 21.6269, 92213.4
4273, 0.00287109, 0.00164062, 0.000820312, -0.000820312, 0.161461, 0.166354, 9.72193, -4.95911, -0.335693, 0.0457764, 21.6228, 92213.1
4283, 0.00287109, 0.000410156, -0.000820312, -0.000820312, 0.173693, 0.144337, 9.673, 0.778198, -1.25122, 0.0305176, 21.6275, 92214
4293, 0.00287109, 0.000820312, -0.000820312, 0.00287109, 0.171247, 0.159015, 9.74639, 6.05774, -1.58691, 0, 21.6122, 92212.9
4303, 0.000410156, 0.000820312, 0.00164062, 0.00164062, 0.183479, 0.232406, 9.81489, 7.85828, -0.152588, 0.0457764, 21.6272, 92213.7
4323, 0.00328125, 0.00164062, 0.00123047, 0.00287109, 0.200604, 0.222621, 9.79043, -0.0915527, 0.0915527, 0.0457764, 21.6271, 92213
4333, 0.00328125, 0.000820312, 0.00123047, 0.00287109, 0.20305, 0.205496, 9.80755, -0.274658, 0.0915527, 0.0305176, 21.6328, 92213.6
4343, 0.00205078, 0.000820312, 0.00123047, 0.00369141, 0.225067, 0.222621, 9.78554, 0.198364, 0.244141, -0.0152588, 21.618, 92213.3
4353, -0.00246094, 0.000820312, 0.00123047, 0.000820312, 0.225067, 0.25687, 9.80511, -0.961304, 0.50354, 0.0457764, 21.6212, 92213.4
4363, 0.00369141, 0.000820312, 0.00123047, 0.00246094, 0.212835, 0.239746, 9.80266, -2.28882, 0.701904, 0.0305176, 21.6168, 92214
4373, 0.00287109, 0.000410156, 0.00287109, 0.00205078, 0.198157, 0.227514, 9.80266, -3.08228, 0.396728, 0.0305176, 21.6163, 92213.9
4383, 0.00287109, 0.000410156, 0.00123047, 0.00205078, 0.173693, 0.198157, 9.79288, -2.68555, 0.289917, 0.0305176, 21.6115, 92213.1
4393, 0.00287109, -0.000820312, 0.00205078, -0.000410156, 0.151676, 0.210389, 9.77575, -1.4801, 0.228882, 0.0610352, 21.6037, 92213.3
4413, 0.00369141, -0.000410156, 0.000820312, 0.00164062, 0.134551, 0.207943, 9.82468, -2.50244, 0.518799, 0, 21.619, 92213.3
4423, 0.000410156, 0.000410156, -0.000410156, 0.00205078, 0.124766, 0.212835, 9.79043, -2.50244, 0.473022, 0.0305176, 21.6212, 92213.6
4433, -0.000410156, 0.000820312, 0.000820312, 0.00328125, 0.129658, 0.207943, 9.75618, -2.28882, -0.106812, 0.0610352, 21.6205, 92213.5
4443, -0.000410156, 0.00205078, -0.00123047, 0.00328125, 0.139444, 0.183479, 9.72682, 3.90625, -0.671387, 0.0610352, 21.6155, 92214.2
4453, 0.000410156, 0.00205078, -0.00123047, 0.00205078, 0.156569, 0.195711, 9.73661, 3.23486, -0.549316, 0.0457764, 21.6046, 92212.8
4463, 0.00123047, -0.000410156, -0.00164062, 0.00246094, 0.154122, 0.237299, 9.86382, 0.610352, -0.0762939, -0.0305176, 21.6205, 92214.3
4473, 0, 0.00205078, 0.00205078, 0.00123047, 0.168801, 0.222621, 9.82468, 0.610352, -0.137329, 0.0152588, 21.6096, 92213.9
4493, 0.00205078, 0.00164062, 0.00123047, 0.00164062, 0.195711, 0.198157, 9.79532, 1.7395, -0.289917, 0.0610352, 21.6144, 92213.4
4503, 0.00164062, 0.00164062, 0.00123047, 0.00328125, 0.198157, 0.220175, 9.83936, 0.137329, 0.106812, 0.0610352, 21.6254, 92214
4513, 0.00287109, 0, 0, 0.00164062, 0.212835, 0.212835, 9.83202, -1.0376, 0.228882, 0.0915527, 21.6216, 92213.6
4523, 0, 0, 0, 0.000410156, 0.205496, 0.200604, 9.7733, -1.297, 0.167847, 0.0152588, 21.6171, 92214
4533, 0.00205078, 0.00123047, 0.00205078, 0.000410156, 0.200604, 0.20305, 9.76841, -1.19019, 0.289917, 0.0610352, 21.6165, 92214.1
4543, 0.00205078, -0.000820312, 0.000410156, 0.000410156, 0.195711, 0.188372, 9.79043, 0.396728, -0.0457764, 0.0152588, 21.6109, 92213
4553, 0.00328125, 0.00123047, 0.000410156, 0.000820312, 0.198157, 0.183479, 9.78309, 0.717163, -0.0305176, 0, 21.6148, 92213.7
4563, 0.00410156, 0.00123047, 0.000410156, 0.00205078, 0.139444, 0.190818, 9.81245, -1.86157, 0.0915527, -11.0321, 21.6297, 92213
4583, 0, -0.000820312, 0.000820312, 0.00164062, -2.69592, 0.0709451, 10.04, -1.9989, -0.778198, -19.0735, 21.619, 92214
4593, 0, 0.00205078, 0.000820312, 0.00164062, -0.247085, -0.905162, 9.61918, -12.619, -1.38855, -18.1885, 21.63, 92214.5
4603, -0.00123047, 0.00205078, 0.00287109, 0.00246094, 2.59317, 0.00489277, 9.29137, -9.50623, 2.54822, -11.0168, 21.6145, 92213.5
4613, 0.00205078, 0.00205078, 0.00287109, 0.00287109, 1.85925, 1.57302, 10.2675, -7.44629, -14.7095, -2.7771, 21.624, 92213.4
4623, 0.00328125, 0, 0.000410156, 0.000410156, -0.0244638, -0.305798, 9.82957, -9.82666, -10.5438, -3.08228, 21.6103, 92213.7
4633, 0.00123047, -0.000410156, 0.00328125, 0.00123047, 0.680095, -0.308244, 9.63631, -8.86536, -15.2893, 2.22778, 21.612, 92213.6
4643, 0.00246094, 0.00164062, 0.00205078, 0.00287109, 1.16693, -1.19628, 11.2534, -13.5803, -2.65503, 0.640869, 21.6309, 92214
4663, 0.00246094, -0.000410156, -0.000820312, 0.00123047, 0.195711, -0.567561, 9.4357, -29.9988, 3.14331, 3.96728, 21.624, 92213.2
4673, 0.00287109, -0.00164062, 0.000410156, -0.000410156, 0.296012, 0.31803, 9.7733, -17.1356, 15.5029, 3.15857, 21.6196, 92213.5
4683, 0.00246094, 0.00205078, 0.00123047, 0.00205078, -0.410993, 0.780397, 9.63875, -10.1929, 9.53674, -2.9602, 21.627, 92213.7
4693, 0.000820312, 0.000410156, 0.00205078, 0.00328125, -0.763272, 0.66297, 10.0008, -11.3525, 10.7574, -5.06592, 21.6133, 92213.8
4703, 0.000820312, -0.000820312, 0.00164062, 0.00328125, -0.48683, 1.03482, 10.1916, -11.673, 11.2152, -7.79724, 21.623, 92213.6
4713, 0.00287109, -0.000820312, 0.00164062, 0.00123047, -0.105195, 1.01036, 10.2112, -9.56726, 5.92041, -8.22449, 21.6219, 92213.7
4723, 0.00246094, -0.000410156, 0.00246094, 0.00328125, -0.00978554, 0.684988, 10.4461, -9.50623, 0.976562, -7.38525, 21.6144, 92214
4733, 0.00164062, -0.00164062, 0.00123047, 0.00246094, 0.467259, 0.315584, 10.4632, -13.0157, -1.84631, -4.98962, 21.604, 92213.7
4753, 0.00246094, 0.00123047, -0.00205078, 0.00164062, 0.0758379, 0.234853, 10.3727, -20.401, -4.5166, -4.76074, 21.6085, 92214.1
4763, 0.00164062, -0.000410156, 0.00164062, 0.00328125, -0.0342494, 0.00733915, 10.4558, -23.9868, -1.87683, -4.10461, 21.6201, 92214.1
4773, 0.00205078, -0.000410156, 0.00164062, 0.00369141, 0.366958, -0.261763, 10.2552, -25.8026, -1.80054, -2.09045, 21.6257, 92213.2
4783, 0.00246094, -0.000820312, 0.00205078, 0.00246094, 0.934519, -0.308244, 11.0968, -30.1056, 1.7395, 4.27246, 21.6187, 92214.2
4793, 0, -0.00164062, 0, 0.00205078, 1.84947, -0.396314, 11.8845, -42.3584, 8.17871, 13.9618, 21.6318, 92213.7
4803, 0.000410156, 0.00123047, 0.000820312, 0.00205078, 2.11123, -0.163908, 11.7696, -53.833, 4.74548, 23.6664, 21.6152, 92213.5
4813, 0.000410156, 0.00123047, 0.00246094, 0.000410156, 1.72715, 0.638506, 11.405, -59.5398, -8.20923, 30.4871, 21.6182, 92213.4
4833, 0.00205078, 0.00164062, 0, 0.00287109, -0.420778, 0.347387, 11.0919, -66.7572, -22.2626, 25.8789, 21.6192, 92213.6
4843, 0.00123047, 0.000410156, 0.00205078, 0.00287109, -1.43358, -0.415885, 11.2387, -72.7997, -18.1732, 14.801, 21.6113, 92213.2
4853, 0, -0.00164062, 0.00123047, 0.00328125, -2.32651, -1.73938, 10.8644, -77.4536, -7.5531, -1.38855, 21.6204, 92213.6
4863, 0, 0.00123047, 0, 0.00328125, -3.0433, -2.27514, 10.6638, -75.3632, 9.41467, -15.4114, 21.6168, 92213.5
4873, -0.000410156, 0.00123047, 0, 0, -2.62986, -1.91063, 11.2656, -75.3174, 34.5917, -28.7476, 21.6193, 92213
4883, 0.00123047, -0.000410156, 0.000410156, 0.00164062, -1.61217, -1.80788, 10.473, -74.0204, 59.1888, -35.5988, 21.6221, 92213.1
4893, 0.00205078, 0.00123047, 0.00164062, 0.00246094, 0.628721, -2.41947, 8.66754, -60.379, 70.9686, -31.311, 21.6277, 92213
4903, 0.00164062, 0.000410156, 0.00123047, 0.00287109, 1.41646, -3.03352, 7.19482, -40.7867, 68.3441, -26.062, 21.6192, 92213.1
4923, 0.00164062, 0, 0, 0.00123047, 0.45992, -2.16505, 7.41744, -37.796, 63.8885, -20.9808, 21.6272, 92213.1
4933, 0.000410156, 0.00123047, -0.000820312, 0.00123047, 1.69534, -1.49719, 7.99968, -47.3022, 56.2592, -11.7645, 21.6176, 92213.5
4943, 0.00328125, 0, 0.000820312, 0.000820312, 2.22866, -0.797521, 8.66999, -52.6428, 33.1116, -1.66321, 21.6258, 92213.3
4953, 0.00205078, -0.00287109, 0.00369141, 0.00246094, 1.35285, -0.976107, 8.41312, -45.8984, 12.4664, 3.64685, 21.6292, 92213.6
4963, 0.00205078, -0.000410156, 0.000820312, 0.00246094, -0.293566, -2.43415, 8.58436, -31.7383, 13.5498, 1.38855, 21.6203, 92213.4
4973, 0.00164062, 0.000820312, 0.00164062, 0, -1.76874, -3.16562, 8.50852, -21.6675, 33.5846, -5.53894, 21.6177, 92213.1
4983, 0.00205078, 0.000820312, 0.00164062, 0.00246094, -2.49287, -2.7424, 7.67675, -14.3433, 38.3148, -12.3291, 21.6299, 92212.8
5003, 0.00287109, 0, 0.00164062, 0.00328125, 0.0758379, -2.76686, 6.40953, 1.31226, 8.39233, -11.5967, 21.6158, 92212.8
5013, 0.00287109, 0.00123047, 0.00123047, 0.00328125, 0.48683, -2.79866, 5.76613, 5.41687, -19.7906, -8.27026, 21.6151, 92213.1
5023, 0.00287109, -0.00287109, 0.00123047, 0.00246094, 0.462367, -2.37055, 5.07625, 17.0441, -62.9883, 1.28174, 21.6323, 92213.7
5033, 0.000820312, -0.00287109, 0.00123047, 0.00246094, 2.18707, -1.48985, 7.25842, 21.1029, -103.134, 11.7798, 21.6248, 92213.3
5043, 0.00205078, -0.000820312, 0, 0.000820312, 0.92718, -1.30637, 9.07609, 1.17493, -124.283, 19.928, 21.6235, 92213.2
5053, 0.00205078, 0.000410156, 0.00205078, -0.00123047, 0.452581, -1.28191, 10.3996, -17.1356, -124.573, 24.353, 21.6323, 92212.9
5063, 0.00205078, -0.00328125, 0.00123047, -0.000410156, -0.139444, -1.41401, 11.0625, -22.2168, -124.847, 25.2686, 21.6361, 92213.1
5073, 0.00205078, 0.00205078, 0, -0.000410156, -1.19628, -2.15282, 11.3194, -19.8212, -114.182, 20.7825, 21.6213, 92213.1
5093, -0.000820312, -0.000410156, 0.00246094, -0.000410156, -1.07152, -2.75707, 7.69143, 3.98254, -107.529, 2.16675, 21.6288, 92214
5103, 0.00164062, -0.00205078, 0.000820312, 0.000410156, -2.75463, -3.35399, 10.7103, -13.092, -98.0377, -13.2599, 21.6309, 92213
5113, 0.00164062, 0.00123047, 0.00123047, 0.00246094, -1.5926, -3.41026, 10.2968, -34.0118, -22.3389, -25.1312, 21.6291, 92213.3
5123, 0.00164062, -0.00164062, 0.00164062, 0.00246094, 0.437903, -2.10878, 9.54334, -13.5345, 45.99, -25.0702, 21.6277, 92213.1
5133, 0.00205078, -0.00164062, 0.00164062, 0.000820312, 1.16203, -2.90141, 9.69502, 17.4561, 58.1665, -27.4353, 21.6236, 92213.5
5143, 0.00123047, 0.000820312, 0.00164062, 0.000820312, 3.28794, -2.98214, 9.14948, 36.8805, 1.14441, -25.4211, 21.6306, 92213.5
5153, 0.00287109, 0.000410156, 0.00164062, 0.00123047, 4.5674, -2.24823, 9.42836, 33.9966, -72.1893, -16.6321, 21.6253, 92213.2
5173, 0.00410156, 0.00123047, 0.00164062, 0.00328125, 3.38824, -0.34494, 9.68768, -30.4718, -132.08, 12.558, 21.6302, 92213.4
5183, 0, 0.000410156, -0.000410156, 0.000820312, 3.26837, -1.14735, 9.80755, -47.3633, -144.104, 21.6827, 21.6208, 92213.8
5193, 0.00410156, 0.000410156, -0.000410156, 0.000820312, 2.78154, -0.410993, 10.4436, -52.5207, -143.417, 32.8674, 21.6329, 92213.4
5203, 0.00246094, 0.00164062, -0.000410156, -0.000410156, 2.47574, -1.10087, 9.84914, -49.118, -150.818, 37.796, 21.6157, 92213
5213, -0.000820312, 0, 0.00123047, 0.00205078, 1.56569, -3.09712, 11.7867, -44.2505, -137.726, 46.1121, 21.6258, 92213.3
5223, 0.00205078, -0.000820312, 0.000410156, 0.00205078, -0.0195711, -3.29283, 10.5782, -26.2604, 13.8855, 33.7219, 21.6241, 92213.4
5233, 0.00205078, 0.000410156, 0.000410156, 0.00123047, 1.34551, -2.20664, 6.48047, 73.7457, 135.071, 28.4271, 21.6224, 92213.3
5243, 0.000410156, 0.000410156, 0.000410156, 0.00205078, 2.39501, -2.7057, 7.26821, 112.106, 154.938, 21.6522, 21.6077, 92213.6
5263, 0.00164062, 0.00123047, 0.000820312, 0.000410156, 1.29658, -3.06043, 10.0742, 39.6271, 105.469, 29.8004, 21.6148, 92213.6
5273, 0.000820312, -0.00287109, 0.00246094, 0.00328125, 0.325369, -2.60295, 8.68466, 5.00488, 21.2555, 25.2991, 21.6228, 92213.6
5283, 0.000820312, -0.000410156, 0.00123047, 0.00328125, -1.03727, -2.07453, 9.99348, -8.8501, -60.8826, 13.443, 21.6137, 92213.9
5293, 0.00205078, -0.000410156, 0.00123047, 0.000410156, -0.785289, -2.07453, 11.1506, -21.5759, -89.0503, 1.75476, 21.6214, 92213
5303, 0, -0.00123047, 0.00246094, -0.000410156, 1.00302, -2.86716, 10.4094, -25.7568, -79.7729, -4.66919, 21.627, 92213.4
5313, 0.00164062, 0.000820312, 0.00164062, 0, 3.15828, -3.43717, 9.19351, -13.5956, -63.0341, -3.50952, 21.6246, 92213.7
5323, 0.00369141, -0.00123047, 0.00205078, 0.000410156, 4.01941, -3.32464, 9.3721, 2.60925, -42.5415, 5.15747, 21.6259, 92213.4
5343, 0.00502441, -0.000410156, 0.00287109, 0.000820312, 6.65416, -0.119873, 11.8381, 0.900268, 41.275, 27.1759, 21.6324, 92213.5
5353, 0.00246094, 0.00246094, 0, 0.00287109, -0.14189, -0.829324, 9.38188, 10.2386, 84.6558, 36.5906, 21.6327, 92213.3
5363, 0.00164062, 0, 0.000820312, -0.000410156, -1.50697, -2.04273, 9.52133, 27.1454, 67.2455, 27.7405, 21.6224, 92213.4
5373, 0.00328125, -0.000820312, 0.000410156, 0.00205078, 0.337601, -2.59317, 9.64365, 20.5383, 42.4805, 13.2751, 21.6249, 92213.3
5383, 0.00328125, 0.000820312, 0.00543457, 0.00205078, 0.442796, -2.83047, 9.3721, 5.44739, 24.1241, 9.90295, 21.6315, 92213.1
5393, 0.000820312, 0.000820312, 0.00543457, 0.00164062, 0.54799, -2.61763, 9.63141, -9.84192, 10.8643, 4.73022, 21.6174, 92212.4
5403, 0.00328125, -0.000410156, 0.000410156, 0.00123047, 0.687434, -2.38522, 10.2161, -17.5323, 17.2882, 1.89209, 21.6184, 92213.4
5413, 0.00287109, 0, 0.00205078, 0.000410156, 0.122319, -2.10389, 8.77518, -2.85339, 45.8374, -2.48718, 21.6357, 92213.2
5433, 0.00205078, 0.00164062, -0.000410156, 0.00123047, 0.697219, -1.14735, 9.13969, 57.312, 135.376, -5.41687, 21.6187, 92213.8
5443, 0.00205078, 0.00123047, 0.000410156, 0.00205078, 1.02993, -1.10087, 9.29381, 59.1431, 138.55, -4.2572, 21.6291, 92213.3
5453, 0.00205078, 0.00123047, 0.000410156, 0.00246094, 0.924733, -1.7247, 8.98068, 53.5583, 124.512, -1.60217, 21.6295, 92212.7
5463, -0.000410156, 0, 0.000410156, 0.00123047, 0.702112, -2.08187, 9.40635, 44.2352, 107.895, 0.640869, 21.6259, 92214
5473, 0.00246094, -0.00164062, 0.000820312, 0.00205078, 0.550436, -1.99136, 9.18617, 36.3922, 101.532, 2.76184, 21.6214, 92213.4
5483, 0.00246094, 0.00205078, 0.00205078, 0.00205078, 0.00489277, -1.55101, 8.66999, 38.6353, 95.5658, 3.43323, 21.6284, 92213.7
5493, 0.00246094, 0.00123047, 0.000410156, -0.000410156, -0.741254, -1.02993, 8.4229, 45.517, 84.0607, 2.68555, 21.6265, 92213.2
5513, -0.000820312, 0.00123047, 0.000820312, 0.00246094, -0.254424, -0.139444, 10.0131, 35.2478, 28.3813, 1.37329, 21.615, 92213.2
5523, 0.00287109, 0.00123047, 0.00164062, 0.00164062, 0.0146783, -1.74183, 10.0864, -0.442505, -38.7268, -4.5929, 21.6192, 92213.6
5533, 0.00410156, 0.000820312, 0.000820312, 0.00451172, -0.273995, -2.14059, 9.2033, -11.0779, -52.5055, -5.58472, 21.6258, 92213.4
5543, 0.00410156, -0.000410156, -0.00164062, 0.00451172, -0.384082, -1.28435, 9.57025, -5.46265, -43.5028, -6.39343, 21.6242, 92213.2
5553, 0.00451172, -0.000410156, -0.00164062, 0.00205078, -0.166354, -1.12289, 9.95434, 0.88501, -37.8723, -5.12695, 21.6194, 92213
5563, 0.00205078, 0.000820312, 0.000820312, 0.000410156, -0.0171247, -1.31371, 10.2699, 3.67737, -33.2794, -4.2572, 21.6256, 92213.5
5573, 0.00287109, 0, 0.00369141, 0.00246094, 0.665416, -2.41213, 10.7641, -0.823975, -31.6162, -1.93787, 21.6335, 92213.5
5583, 0.00246094, -0.000410156, 0.00451172, 0.00164062, 0.643399, -3.56194, 10.2699, -8.98743, -30.4871, -0.579834, 21.6268, 92213.3
5603, 0.000410156, -0.000410156, 0.000820312, 0.00205078, -0.760825, -0.477045, 9.94944, 4.79126, -10.0555, 0.976562, 21.6306, 92213.2
5613, 0.00164062, 0.00205078, 0, 0.000410156, -1.21096, -0.89293, 9.62407, 9.70459, -3.479, -2.36511, 21.6342, 92212.8
5623, 0.00123047, 0.000410156, 0.00246094, 0.00287109, -1.06418, -1.07886, 9.56536, 8.95691, -1.35803, -7.72095, 21.6284, 92212.9
5633, 0.000820312, -0.000410156, 0.00246094, 0.000410156, -0.540651, -1.20607, 9.51643, 5.61523, 1.92261, -11.8103, 21.6266, 92213.7
5643, 0.00123047, 0.000820312, 0, 0.000410156, -0.110087, -1.4874, 9.49931, 5.23376, 6.92749, -13.8092, 21.6282, 92213
5653, 0.00123047, 0.000820312, 0.000820312, 0, 0.261763, -1.56569, 9.72438, 6.95801, 9.00269, -13.977, 21.6335, 92213.1
5663, 0.00246094, 0.000820312, 0.000820312, 0.00287109, 0.606703, -1.64397, 9.79532, 8.04138, 6.073, -12.558, 21.6281, 92213.4
5673, 0.00410156, 0.000820312, 0.000410156, 0.00123047, 0.530865, -1.66599, 9.74395, 8.255, 0.747681, -10.7117, 21.6296, 92213.6
5693, 0.00123047, -0.000410156, -0.000820312, 0.000410156, 0.592025, -1.32594, 9.53845, 8.81958, -1.52588, -5.34058, 21.6335, 92213.6
5703, 0.00123047, -0.000410156, 0.00205078, 0.00123047, 0.340047, -1.24276, 9.55068, 7.26318, 3.11279, -2.97546, 21.6303, 92213.4
5713, 0.000410156, -0.000410156, 0.00205078, 0.000820312, 0.0366958, -1.24032, 9.47974, 7.69043, 5.34058, -1.96838, 21.6275, 92212.9
5723, 0.00205078, 0.00123047, 0, -0.000820312, 0.5749, -0.168801, 9.64365, 11.5814, 7.17163, 5.35583, 21.6303, 92212.7
5733, -0.000410156, 0.000820312, -0.000410156, 0.000410156, 0.239746, -0.844003, 9.48708, 14.9994, 14.4653, 4.08936, 21.6289, 92213.2
5743, 0.000410156, -0.000820312, 0.00123047, 0.00164062, 0, -1.34062, 9.2718, 20.1721, 22.8882, 5.78308, 21.6357, 92213.5
5753, 0.000410156, 0.00287109, -0.000820312, 0.00164062, -0.154122, -1.7247, 9.52133, 20.9045, 24.765, 5.70679, 21.6262, 92213
5773, 0, -0.000820312, 0.00164062, 0.00287109, 0.0293566, -1.55101, 10.2039, 5.59998, 0.411987, 3.64685, 21.6213, 92213.2
5783, 0.000820312, -0.000820312, -0.00123047, 0.00205078, -0.00733915, -1.2868, 10.2626, -1.11389, -20.3247, 2.85339, 21.6238, 92213.5
5793, 0, 0.000410156, 0.000820312, 0.00369141, 0.618935, -0.711898, 9.81979, -2.42615, -35.5225, 3.64685, 21.6228, 92213.5
5803, 0.00410156, 0.00328125, 0.000410156, 0.00369141, -0.102748, -0.628721, 9.74395, -2.10571, -45.2728, 5.20325, 21.6327, 92213.2
5813, 0.00410156, 0.00328125, 0.000410156, 0.00123047, -1.01036, -1.0495, 10.199, -6.94275, -38.0859, 3.58582, 21.6366, 92213.4
5823, 0.00369141, -0.00246094, 0.00164062, -0.000820312, -0.462367, -1.36019, 10.2797, -12.9089, -20.9808, 0, 21.6285, 92213.7
5833, 0.000820312, 0.000410156, 0.00164062, 0.000820312, 0.0684988, -1.36753, 10.0938, -11.6119, -11.5509, -1.58691, 21.629, 92213
5843, 0.000410156, -0.000820312, 0.000410156, 0, 0.0831771, -1.22564, 10.0277, -3.75366, -7.43103, -1.37329, 21.6199, 92213.3
5863, 0.000410156, 0.00123047, 0.00246094, -0.000410156, 0.207943, -1.06907, 9.74884, 6.3324, 2.65503, -1.32751, 21.625, 92212.8
5873, 0.00164062, 0.00123047, 0.00246094, -0.000410156, 0.34494, -1.33817, 9.60695, 3.66211, 8.46863, -0.717163, 21.6335, 92213
5883, 0.00205078, 0.00123047, 0.00123047, 0.00246094, 0.508848, -1.66843, 9.54824, 0.610352, 12.3901, 0.167847, 21.6268, 92213.1
5893, 0.00287109, 0.00123047, 0, 0.00328125, 0.709451, -1.79565, 9.89807, -0.900268, 13.1073, 1.70898, 21.6318, 92213.6
5903, 0.00164062, 0.00123047, 0.00164062, 0.00328125, 0.883145, -1.47028, 10.3458, -7.21741, 0.106812, 4.65393, 21.6252, 92213.6
5913, 0.00164062, -0.000410156, 0.00205078, 0.000410156, 0.481938, -0.780397, 10.2724, -11.4288, -16.51, 5.85937, 21.6277, 92213.2
5923, 0.00164062, -0.000410156, 0.00205078, 0.00205078, 0.276441, -0.195711, 10.4803, -12.7869, -14.2975, 9.14001, 21.6264, 92213.1
5943, 0.000410156, 0.000410156, 0.000410156, 0.00205078, -0.814646, -0.313137, 9.93232, -11.261, 3.69263, 4.97437, 21.6363, 92213.5
5953, -0.00123047, 0.00164062, 0.00164062, 0.000410156, -0.183479, -0.579793, 9.75129, -9.2926, 2.71606, 2.99072, 21.6425, 92213.2
5963, -0.00123047, 0.00123047, -0.000820312, 0.000410156, 1.05684, -0.993232, 9.47729, -8.40759, 1.67847, 4.34875, 21.6301, 92212.3
5973, 0.00246094, 0.00123047, -0.000820312, 0, 1.13512, -0.315584, 9.01003, -1.92261, -0.473022, 13.3209, 21.6501, 92212.7
5983, 0.000820312, 0.000820312, 0.000410156, 0, -0.966322, -2.3314, 9.15437, -2.38037, 12.0239, 11.7493, 21.6363, 92213.2
5993, 0.00246094, -0.000410156, 0.00164062, 0.00123047, -1.4189, -2.21398, 7.99478, -2.41089, 6.40869, 6.57654, 21.6283, 92213.2
6003, 0.00164062, 0, 0.00369141, 0.00328125, -0.72413, -2.57849, 8.0853, 5.92041, -4.18091, -1.63269, 21.6277, 92213.7
6013, 0.00205078, 0.000410156, -0.000410156, 0.00328125, 0.582239, -2.58827, 8.97578, 9.06372, -0.640869, -3.11279, 21.6348, 92213.5
6033, 0.00246094, -0.000410156, 0.00328125, 0.00123047, 0.60915, -1.29169, 10.747, 0.411987, 25.7416, 2.74658, 21.6446, 92213.3
6043, 0.00164062, 0.00123047, 0.00123047, 0.00246094, -0.181032, -1.05439, 10.3604, 3.20435, 23.0408, 4.45557, 21.6332, 92213.2
6053, 0.00164062, 0.000820312, 0.00164062, 0.00123047, -0.190818, -1.28435, 10.0669, 12.8174, 14.0228, 4.31824, 21.631, 92213.5
6063, 0.00369141, 0.000410156, 0.00246094, 0.00123047, 0.11498, -1.75161, 9.94944, 14.4348, 11.7035, 4.66919, 21.6231, 92212.8
6073, 0.00369141, -0.00287109, 0.00369141, 0.00287109, -0.0733915, -1.48251, 9.31583, 11.7493, 16.922, 4.98962, 21.6273, 92213.3
6083, 0, -0.00287109, 0.00369141, 0.00246094, -0.264209, -1.88616, 9.17394, 9.52148, 23.1476, 3.26538, 21.632, 92213.1
6093, 0.00123047, 0, 0.000410156, 0.00246094, -0.572454, -1.31615, 9.47729, 6.83594, 25.0702, 1.15967, 21.6445, 92213.2
6113, 0.000410156, 0.00164062, 0.00123047, 0.00328125, 0.435456, -0.0782843, 10.1721, 4.45557, 14.8926, 1.11389, 21.6331, 92213.2
6123, 0.000410156, -0.00164062, 0.00164062, 0.000410156, 0.396314, 0.146783, 10.4143, 3.7384, 13.1683, 4.18091, 21.6351, 92213.2
6133, 0.00287109, -0.00164062, 0.00164062, 0.00205078, 0.327815, 0.330262, 9.99348, 4.22668, 10.3912, 9.42993, 21.6246, 92213.1
6143, 0.00164062, 0.00246094, 0.00205078, 0.00205078, -0.198157, -0.278888, 9.947, 4.36401, 6.98852, 12.3901, 21.6322, 92213.5
6153, 0.00205078, 0.000410156, -0.000410156, 0.00287109, -0.457474, -1.23542, 9.7782, -0.518799, 7.53784, 12.146, 21.6282, 92212.7
6163, 0.00205078, 0, 0.00246094, 0.00287109, -0.623828, -1.55345, 9.5042, -3.78418, 4.27246, 10.025, 21.6277, 92213.5
6173, 0.00205078, -0.00123047, 0.00164062, 0.00287109, -0.611596, -1.53878, 9.69013, -6.97327, -6.5155, 7.76672, 21.639, 92213.2
6183, 0.000820312, -0.00123047, 0.00164062, 0.00246094, -0.682541, -1.27701, 9.58004, -8.5907, -15.1825, 5.21851, 21.6249, 92213.1
6203, 0.00164062, -0.00164062, 0.000410156, 0.00123047, -0.516187, -1.14491, 9.61429, -3.32642, -4.97437, 2.28882, 21.6343, 92213.4
6213, 0, -0.00123047, 0.000820312, 0.00287109, -0.530865, -1.23787, 9.58249, -2.60925, -3.23486, 0.88501, 21.6342, 92213.2
6223, 0.00123047, 0.000820312, -0.00123047, 0.00287109, -0.352279, -1.40178, 9.51643, -2.18201, -4.79126, -0.366211, 21.638, 92213.7
6233, 0.00123047, 0.000820312, -0.00123047, -0.000410156, -0.222621, -1.3871, 9.55802, -1.83105, -4.98962, -0.854492, 21.6344, 92213.2
6243, 0.000410156, -0.000410156, 0, 0.00287109, -0.310691, -1.29414, 9.58004, -1.66321, -4.80652, -1.44958, 21.6389, 92213.1
6253, 0.000820312, 0.00123047, 0.00451172, 0.00164062, -0.200604, -1.27457, 9.72193, -1.66321, -2.76184, -1.52588, 21.6299, 92212.9
6263, 0.00164062, 0.00123047, -0.000820312, 0.00123047, -0.0220175, -1.26233, 9.80021, -2.34985, -1.64795, -1.12915, 21.6275, 92213
6283, 0.00328125, 0, 0.00287109, 0.00287109, -0.127212, -1.54122, 9.71459, -0.62561, -4.94385, 0.213623, 21.6262, 92213
6293, 0.00369141, -0.00164062, 0.00287109, 0.00328125, -0.364511, -1.4874, 9.72438, 0.534058, -0.259399, 0.106812, 21.6397, 92212.9
6303, 0.00369141, 0.00123047, 0.00164062, 0.00123047, -0.464813, -1.33328, 9.64365, 1.8158, 5.20325, -1.0376, 21.637, 92213.4
6313, 0.000820312, 0.00246094, 0.000410156, 0.00451172, -0.244638, -1.31615, 9.59961, 3.70789, 7.40051, -1.70898, 21.6263, 92212.8
6323, 0, 0.000820312, -0.000410156, 0.00451172, -0.149229, -1.35285, 9.62897, 4.73022, 7.98035, -2.15149, 21.6375, 92213.6
6333, 0, 0.00123047, -0.000820312, 0.00369141, -0.0146783, -1.33817, 9.66811, 4.40979, 8.5907, -1.57166, 21.6275, 92213.5
6343, 0.00164062, 0.00123047, -0.000820312, 0.00328125, 0.00978554, -1.22564, 9.69502, 3.0365, 6.5918, -0.778198, 21.6337, 92213.3
6353, 0.00205078, 0.000820312, 0.00287109, 0.00123047, -0.0269102, -1.11555, 9.69991, 1.52588, 1.95312, 0.198364, 21.6401, 92213
6373, 0, 0, 0.00123047, 0.00205078, -0.156569, -1.07396, 9.72438, 0.0762939, -4.66919, 1.69373, 21.6297, 92213.5
6383, 0, 0.00123047, -0.000820312, 0.00205078, -0.259317, -1.01525, 9.71214, -0.610352, -6.05774, 1.8158, 21.6404, 92213.2
6393, 0, 0.00123047, -0.000820312, -0.000410156, -0.232406, -0.973661, 9.70236, -0.900268, -6.04248, 1.8158, 21.6308, 92212.9
6403, 0.000410156, 0.000410156, -0.00123047, 0.000410156, -0.207943, -0.981, 9.68524, -0.579834, -5.20325, 1.78528, 21.6296, 92213.6
6413, 0.00410156, 0.000820312, 0.00123047, 0, -0.286227, -1.02503, 9.66566, 0.396728, -2.68555, 1.75476, 21.6303, 92213.7
6423, 0.00287109, -0.00123047, 0.00123047, 0.00123047, -0.347387, -1.1131, 9.65588, 1.87683, 1.23596, 1.43433, 21.6275, 92212.7
6433, 0.00123047, 0, 0.000410156, 0.00123047, 0.337601, -1.09843, 9.63386, 2.92969, 2.92969, 2.9602, 21.6343, 92212.5
6453, 0.00246094, 0.00369141, 0.000410156, 0.00164062, -0.0587132, -1.23787, 9.43326, 8.7738, 16.9067, 6.95801, 21.6308, 92213
6463, 0.00123047, 0.000820312, 0.00123047, 0.00123047, -0.452581, -1.13757, 9.75618, 10.5743, 27.3285, 5.40161, 21.6367, 92213.5
6473, -0.000820312, 0.00246094, 0.00287109, 0.00369141, -0.60915, -1.13512, 9.89807, 7.24792, 24.0936, 3.7384, 21.642, 92213.2
6483, 0.00328125, 0.000410156, 0.00246094, 0.00369141, -0.357172, -1.10577, 10.0693, 1.31226, 5.31006, 2.79236, 21.6408, 92213.2
6493, 0.00328125, 0.000410156, 0.000820312, 0.000410156, -0.45992, -0.782843, 10.128, -3.23486, -9.90295, 1.75476, 21.629, 92213.5
6503, 0.00164062, 0.00123047, 0.000820312, 0.000410156, -0.736362, -0.525973, 10.1452, -5.34058, -12.5122, 0.869751, 21.6446, 92212.9
6513, 0.00246094, -0.000410156, 0.00123047, 0.00369141, -0.450135, -0.511294, 9.90786, -5.58472, -14.3127, 0.0915527, 21.6459, 92213.1
6523, 0.00328125, 0.000820312, 0.000820312, 0.00246094, -0.640953, -1.20117, 9.79777, -5.61523, -16.7236, -1.0376, 21.639, 92213
6543, 0.00287109, 0, 0.00369141, 0.000410156, 0.195711, -1.76629, 9.49931, -6.97327, -21.5149, -3.57056, 21.6379, 92212.8
6553, 0.00164062, 0, 0.00369141, 0.00205078, 0.0415885, -0.998125, 9.55068, -6.95801, -18.9667, -2.01416, 21.6511, 92212.9
6563, 0.00205078, 0.00123047, 0.00246094, 0.00287109, -0.205496, -0.743701, 9.50176, -5.09644, -10.5743, -0.823975, 21.6501, 92213.1
6573, 0.00287109, 0.000410156, 0, 0.00123047, -0.105195, -0.922287, 9.59717, -2.53296, -3.06702, -0.106812, 21.6349, 92213.3
6583, -0.000410156, -0.00164062, 0.00328125, 0.000820312, -0.0171247, -1.28435, 9.74639, -1.58691, 0.274658, 0.457764, 21.6426, 92212.7
6593, 0.00164062, 0.00123047, -0.00205078, 0.000820312, -0.105195, -1.46538, 9.75373, -1.80054, -0.335693, 0.335693, 21.6318, 92212.5
6603, 0.00164062, 0.00123047, -0.00205078, -0.00164062, -0.193264, -1.39444, 9.75863, -2.12097, -4.05884, -0.0305176, 21.6344, 92213.1
6623, 0.00369141, 0.000820312, 0.00246094, 0.00205078, -0.303352, -1.36264, 9.4724, -3.44849, -8.8501, -1.34277, 21.6405, 92213.5
6633, 0.00287109, -0.00164062, -0.00164062, 0, -0.031803, -1.37731, 9.49686, 3.93677, 7.76672, -0.778198, 21.6318, 92213.1
6643, 0.00328125, -0.000820312, 0.00123047, 0, 0.0660524, -1.09598, 9.80021, 5.87463, 22.6288, 0.0457764, 21.6334, 92213
6653, 0.00328125, -0.000820312, 0.00123047, 0.00287109, -0.112534, -1.0813, 9.69502, 3.63159, 16.8762, 0.457764, 21.6498, 92212.9
6663, 0.000410156, -0.000410156, 0.00123047, 0.00164062, -0.063606, -1.27212, 9.80266, 2.38037, 7.1106, 0.488281, 21.6396, 92213.2
6673, 0.00123047, 0.00287109, 0, 0.00164062, -0.00489277, -1.34306, 9.76841, 1.25122, 4.47083, 0.915527, 21.6483, 92212.8
6683, 0.00123047, 0.00164062, -0.00287109, 0, -0.171247, -1.28924, 9.66322, 2.27356, 6.19507, 1.2207, 21.6405, 92213.3
6693, 0.00502441, 0.000820312, 0, 0, -0.198157, -1.14246, 9.6779, 2.86865, 6.82068, 1.52588, 21.6303, 92212.4
6713, 0.00328125, 0.00205078, 0.000410156, -0.000820312, -0.222621, -1.24521, 9.71214, 2.28882, 5.38635, 1.09863, 21.6443, 92212.4
6723, 0.000820312, 0.00246094, 0.00123047, 0.000410156, -0.278888, -1.05684, 9.69747, 2.30408, 4.88281, 1.00708, 21.6229, 92212.3
6733, 0.00123047, 0.00164062, 0.00123047, 0.00328125, -0.247085, -0.95409, 9.69013, 2.62451, 4.68445, 1.15967, 21.6465, 92211.9
6743, 0.00410156, 0.000410156, -0.00164062, 0.00328125, -0.227514, -1.00546, 9.73416, 2.30408, 3.12805, 1.25122, 21.6499, 92212.5
6753, 0.00410156, 0.00123047, 0.000410156, 0.000410156, -0.276441, -1.04461, 9.73172, 1.40381, 2.04468, 1.28174, 21.6524, 92213.2
6763, 0.00205078, 0.00123047, 0.000410156, 0.00369141, -0.393868, -1.03971, 9.75129, 0.778198, 1.46484, 0.808716, 21.6332, 92212.2
6773, 0.00205078, -0.000820312, 0.00246094, 0.00451172, -0.52108, -1.01525, 9.75863, 0.350952, 2.39563, 0.0152588, 21.6423, 92212.8
6793, 0.00164062, 0.000820312, 0.00123047, 0.00287109, -0.369404, -1.09843, 9.75863, 1.52588, 3.25012, -1.72424, 21.6416, 92212.7
6803, 0.00164062, -0.000410156, 0.000820312, 0.00287109, -0.281334, -1.07152, 9.74884, 1.89209, 2.9602, -1.95312, 21.642, 92213.6
6813, 0.00164062, -0.000410156, 0.000820312, 0.00164062, -0.244638, -1.06418, 9.69747, 1.7395, 2.21252, -1.72424, 21.6395, 92212.8
6823, 0.000820312, 0, 0.000410156, 0.00164062, -0.195711, -1.1498, 9.65343, 0.961304, 1.25122, -1.43433, 21.6485, 92213.1
6833, 0.00205078, 0.000410156, 0, 0.00205078, -0.146783, -1.21341, 9.65833, 0.564575, 1.15967, -0.610352, 21.6584, 92213.5
6843, 0.00123047, -0.00205078, 0.000820312, 0.00205078, -0.220175, -1.2183, 9.66566, 0.228882, 1.297, -0.869751, 21.6371, 92212.6
6853, 0.00246094, 0.000410156, 0.00164062, 0.00205078, -0.293566, -1.30148, 9.69257, 0.671387, 1.72424, -0.839233, 21.6434, 92213.2
6863, 0.00246094, 0.000410156, 0.00164062, 0.00246094, -0.313137, -1.16693, 9.75129, 1.40381, 2.42615, -0.534058, 21.655, 92213
6883, 0.00164062, -0.000410156, -0.00164062, 0.00123047, -0.146783, -0.946751, 9.46751, 4.5166, 8.43811, -0.762939, 21.6463, 92213.1
6893, 0.00164062, 0, 0.00328125, 0.00246094, -0.408546, -1.81032, 9.95923, 8.5907, 22.2778, -2.31934, 21.6455, 92212.5
6903, 0.000820312, 0.00205078, 0.00164062, 0.00246094, -0.43301, -1.59015, 9.78309, 4.76074, 12.4054, -2.86865, 21.6375, 92213.2
6913, 0.000820312, 0.00205078, 0, 0.00205078, -0.381636, -0.878252, 9.78554, 4.05884, 2.65503, -1.80054, 21.6574, 92212.6
6923, 0.00205078, -0.00123047, 0, 0.00328125, -0.4061, -0.594471, 9.72438, 5.70679, 8.17871, -1.20544, 21.6465, 92212.8
6933, -0.000410156, -0.000820312, 0.00123047, 0.00328125, -0.418332, -0.763272, 9.72927, 5.46265, 10.025, -1.08337, 21.65, 92212.5
6943, 0.000820312, 0.00205078, 0.00123047, 0.00410156, -0.418332, -0.922287, 9.69257, 3.20435, 5.27954, -0.946045, 21.6504, 92213
6963, -0.000410156, 0.00164062, 0.000410156, 0.00205078, -0.37919, -0.780397, 9.69013, -0.747681, 0.183105, 0.0610352, 21.6479, 92213.2
6973, 0.000820312, 0.00164062, 0.000410156, 0.00164062, -0.420778, -0.890484, 9.7097, -1.35803, -0.88501, 0.213623, 21.649, 92212.8
6983, 0.000820312, -0.000820312, 0.000820312, 0, -0.37919, -1.14491, 9.70236, -0.915527, -2.02942, -0.0305176, 21.6515, 92212.9
6993, -0.000410156, -0.000820312, 0.00164062, 0.000410156, -0.420778, -1.26233, 9.74884, -0.732422, -1.78528, -0.38147, 21.6544, 92213
7003, 0.00164062, 0.00164062, 0.00123047, 0.000820312, -0.472152, -1.16203, 9.78064, -0.671387, -1.60217, -0.732422, 21.6452, 92212.8
7013, 0.00164062, -0.00164062, 0.00246094, 0.000820312, -0.481938, -1.02748, 9.75863, -0.427246, -2.47192, -0.701904, 21.6482, 92212.8
7023, 0.00164062, -0.00164062, 0.00246094, 0.00205078, -0.428117, -0.983446, 9.71459, -0.518799, -4.34875, -0.778198, 21.6558, 92213.2
7033, 0.00164062, 0, 0.000410156, 0.00287109, -0.452581, -1.0495, 9.67545, -0.518799, -4.13513, -0.854492, 21.6411, 92212.9
7053, 0.00123047, 0.00369141, 0.000820312, 0.00287109, -0.423224, -1.05684, 9.71704, -1.37329, -2.79236, -0.808716, 21.649, 92212.9
7063, 0.00164062, 0.000820312, 0.000410156, 0.00287109, -0.266656, -1.02993, 9.69013, -1.15967, -2.0752, -0.183105, 21.6494, 92212.6
7073, 0.00164062, 0.000820312, 0.000410156, 0.00287109, -0.298459, -1.03971, 9.673, -0.473022, -0.183105, 0.12207, 21.6545, 92212.3
7083, 0.00123047, 0.000410156, 0.00246094, 0.00205078, -0.347387, -1.03727, 9.68034, -0.0152588, 1.297, 0.274658, 21.6559, 92212.5
7093, 0.00287109, 0.00123047, 0.00164062, 0.000410156, -0.396314, -1.06907, 9.68034, -0.167847, 1.67847, -0.198364, 21.6438, 92213.2
7103, 0, -0.00164062, 0.00123047, 0.00328125, -0.359618, -1.32105, 9.7097, -0.0457764, 1.02234, -0.38147, 21.6584, 92212.5
7113, 0.000820312, 0.00246094, -0.000410156, 0.00328125, -0.31803, -1.18405, 9.73906, 0.427246, -0.0305176, -0.12207, 21.6641, 92213
7123, 0.000820312, 0.00246094, 0, 0.00287109, -0.366958, -1.0177, 9.76841, 0.518799, 0.610352, -0.0762939, 21.6566, 92213.1
7143, -0.000410156, 0.00369141, 0.00246094, 0, -0.354726, -1.08619, 9.70236, 0.915527, 1.51062, 0.137329, 21.6393, 92213.1
7153, 0.00246094, -0.000410156, 0.00543457, 0.00287109, -0.37919, -1.01525, 9.6779, 1.02234, 1.95312, 0.335693, 21.6622, 92213.6
7163, 0.000820312, -0.000820312, 0.000820312, 0.00287109, -0.435456, -0.944304, 9.69502, 0.732422, 2.22778, -0.0305176, 21.6563, 92213.2
7173, 0.000820312, -0.000820312, 0.00369141, 0.00246094, -0.533312, -0.958983, 9.7097, 0.106812, 1.08337, -0.213623, 21.6481, 92213.1
7183, 0.00246094, 0.00205078, 0.00369141, 0.00328125, -0.474599, -0.910055, 9.76597, -0.473022, -1.09863, -0.213623, 21.6665, 92213.2
7193, 0, 0.00287109, 0.000410156, 0.00123047, -0.447688, -0.868466, 9.71459, -0.595093, -2.34985, -0.0915527, 21.662, 92212.7
7203, 0.000820312, 0.00123047, 0.00164062, 0, -0.4061, -0.946751, 9.81245, -1.23596, -4.45557, -0.0152588, 21.6489, 92212.7
7223, 0.000820312, 0.000410156, 0.000820312, 0.00205078, -0.34494, -1.09109, 9.7097, -2.44141, -5.53894, 0.167847, 21.6537, 92212.5
7233, 0.000820312, 0.000410156, 0.000820312, 0.000820312, -0.322923, -1.24032, 9.69991, -2.44141, -4.56238, 0.411987, 21.6489, 92213
7243, 0.000820312, 0.00123047, -0.000820312, 0.00164062, -0.37185, -0.995678, 9.76107, -3.54004, -4.86755, 0.854492, 21.6475, 92213
7253, 0.00246094, -0.000410156, 0.00328125, 0, -0.413439, -0.731469, 9.77575, -4.98962, -3.92151, 1.83105, 21.657, 92212.7
7263, 0.00287109, -0.000820312, 0.00164062, 0.00246094, -0.349833, -0.52108, 9.87605, -6.62231, 0.152588, 3.92151, 21.644, 92213.7
7273, 0.00123047, 0.000820312, 0.000820312, 0.00246094, -0.467259, 0.0660524, 9.85648, -3.60107, 14.389, 4.776, 21.6578, 92213.2
7283, 0.00123047, 0.000820312, 0.000820312, 0.00246094, -0.616489, -0.594471, 9.7782, 0.88501, 30.9906, 3.75366, 21.6422, 92213.5
7293, 0.000820312, -0.000820312, 0.00164062, 0.00246094, -0.154122, -2.85004, 9.52133, 4.39453, 17.7612, 0.869751, 21.6383, 92213.3
7313, -0.000410156, -0.00123047, 0.00369141, 0.000410156, -0.266656, -1.88861, 9.9788, -12.0239, -29.6631, -2.71606, 21.6506, 92213.3
7323, 0.000820312, -0.00123047, -0.00287109, 0.000410156, -0.511294, -0.516187, 9.86137, -14.0381, -32.196, -2.41089, 21.6621, 92213.3
7333, 0.000820312, -0.00123047, 0.00246094, 0.000820312, -0.60915, -0.254424, 9.59961, -8.22449, -17.5476, -1.12915, 21.6422, 92212.8
7343, 0.00287109, -0.00164062, 0.00246094, 0.00246094, -0.232406, -0.704559, 9.43815, -0.198364, -0.0762939, 0.732422, 21.6545, 92213.4
7353, 0.000820312, -0.000410156, 0.00205078, 0, -0.0122319, -1.1816, 9.36231, 3.95203, 10.1166, 1.89209, 21.6515, 92212.3
7363, 0.00246094, -0.00123047, 0.00246094, 0.000820312, -0.161461, -1.24766, 9.46261, 2.44141, 9.59778, 1.98364, 21.6575, 92212.6
7373, 0.000820312, 0.00164062, 0.00123047, 0.000820312, -0.349833, -1.07641, 9.58738, -1.4801, 2.71606, 1.20544, 21.6467, 92212.5
7393, 0.00164062, 0.00123047, 0.00123047, 0.000410156, -0.452581, -1.10087, 9.78554, -2.70081, -7.91931, -0.0762939, 21.6508, 92213.1
7403, 0.00328125, -0.000820312, 0.000410156, 0.000820312, -0.366958, -1.20607, 9.70236, 5.18799, 0.366211, -1.26648, 21.6503, 92212.7
7413, 0.00123047, 0.00164062, -0.000820312, 0.00123047, -0.335155, -2.05496, 9.23021, 11.7645, 22.0795, 0.915527, 21.6465, 92212.8
7423, 0.000820312, 0, 0.00123047, 0.000410156, 0.124766, -1.31126, 9.69257, 10.1929, 28.0914, 1.23596, 21.6543, 92213.4
7433, 0.00287109, 0.00287109, 0, 0.000410156, -0.481938, -0.875805, 9.69991, 6.42395, 19.5312, 0.732422, 21.6476, 92212.1
7443, 0.00287109, 0.00287109, 0, 0.00369141, -0.621382, -0.998125, 9.77086, 5.20325, 11.6577, -0.183105, 21.6597, 92212.7
7453, 0.00205078, -0.00205078, 0, 0, -0.506402, -1.00791, 9.87116, 7.27844, 13.8855, -0.442505, 21.6444, 92213.3
7463, 0.00502441, 0.000410156, 0.00205078, 0.00205078, -0.528419, -1.24766, 9.81979, 7.67517, 14.0076, -0.717163, 21.6401, 92212.4
7483, 0.00123047, 0.00123047, 0.000410156, 0.00246094, -0.633614, -0.883145, 9.74639, 4.79126, 4.48608, -1.26648, 21.652, 92213
7493, 0.00123047, 0.00123047, 0.000410156, -0.00164062, -0.589579, -0.711898, 9.74884, 0.671387, -1.72424, -1.34277, 21.6493, 92212.6
7503, 0, -0.000820312, -0.00287109, 0.000820312, -0.579793, -0.694773, 9.75373, -2.83813, -7.36999, -1.93787, 21.6511, 92212.5
7513, 0.00123047, 0, 0.00246094, 0.00123047, -0.672756, -0.880698, 9.71948, -4.95911, -10.9558, -2.67029, 21.6478, 92213.2
7523, 0.00246094, 0, 0, 0.00246094, -0.49417, -1.10577, 9.73906, -4.5166, -12.6953, -2.2583, 21.6596, 92212.6
7533, 0.00451172, 0.00123047, 0.000410156, 0.00246094, -0.352279, -1.07396, 9.69257, -2.70081, -11.673, -1.78528, 21.6479, 92213.1
7543, 0.00451172, 0.00123047, 0.000820312, 0.00205078, -0.420778, -1.29658, 9.69013, -1.44958, -9.0332, -1.64795, 21.6496, 92213.1
7563, 0.00328125, 0.000820312, 0.000820312, 0.00164062, -0.347387, -1.20362, 9.63631, -0.488281, -5.06592, -0.778198, 21.6505, 92212.5
7573, 0.00123047, -0.000410156, 0.000820312, -0.00164062, -0.349833, -1.23053, 9.7415, -0.411987, -4.80652, -1.44958, 21.6557, 92213
7583, 0.00205078, -0.000410156, 0.00123047, -0.00164062, -0.533312, -1.18894, 9.68524, 0.549316, 1.5564, -1.77002, 21.6441, 92212.6
7593, 0.000410156, -0.000410156, 0.00164062, 0.00287109, -0.435456, -1.13757, 9.76841, 1.83105, 3.78418, -1.58691, 21.6525, 92212.9
7603, 0.000410156, 0.000820312, 0.00164062, 0.000410156, -0.43301, -1.118, 9.69747, 2.54822, 2.28882, -1.69373, 21.6567, 92212.7
7613, 0.00287109, 0.00164062, 0.00123047, 0.00246094, -0.489277, -1.05684, 9.73172, 2.22778, 0.411987, -1.69373, 21.6602, 92213.7
7623, 0.00205078, -0.000410156, 0.000820312, 0.00246094, -0.455027, -1.00302, 9.72682, 0.88501, -0.411987, -1.54114, 21.6456, 92212.4
7633, 0.00369141, -0.00164062, -0.00164062, 0.00246094, -0.327815, -1.0177, 9.71459, 0.0610352, -0.320435, -1.19019, 21.651, 92212.9
7653, 0.00287109, 0, 0.000820312, 0.000410156, -0.259317, -1.04461, 9.69747, 0.320435, -0.595093, 0.137329, 21.6542, 92213
7663, 0.000820312, 0.00205078, 0.00164062, 0.00164062, -0.234853, -1.07641, 9.68768, 1.02234, -0.0610352, 0.808716, 21.6391, 92212.8
7673, 0.00164062, 0, 0.000410156, 0.000820312, -0.332708, -1.13757, 9.71948, 1.35803, 1.17493, 0.961304, 21.6582, 92213.2
7683, 0.00164062, 0.000410156, 0, -0.000820312, -0.381636, -1.01036, 9.70481, 1.32751, 1.87683, 1.08337, 21.6462, 92213.1
7693, 0.00246094, 0.00205078, 0.000410156, -0.000820312, -0.425671, -0.900269, 9.71214, 1.4801, 1.89209, 0.88501, 21.6451, 92212.8
7703, 0.00246094, 0.00205078, 0.000410156, 0.00205078, -0.516187, -0.880698, 9.71459, 1.25122, 1.75476, 0.671387, 21.6472, 92213.5
7713, 0.00246094, 0.000410156, 0.00123047, 0, -0.54799, -0.91984, 9.74639, 0.823975, 1.70898, 0.579834, 21.6655, 92213.2
7733, 0.00123047, 0.00123047, 0.000820312, 0.000820312, -0.428117, -1.00546, 9.72438, 0.366211, -0.396728, 0.610352, 21.6471, 92212.8
7743, 0.00410156, 0.00123047, 0.00123047, 0.000820312, -0.457474, -0.985893, 9.73416, 0, -1.67847, 0.595093, 21.6641, 92213.2
7753, 0.00410156, 0.00123047, 0, 0.000820312, -0.437903, -0.988339, 9.70481, -0.427246, -2.10571, 0.656128, 21.6576, 92212.5
7763, 0, 0.000410156, 0, -0.000820312, -0.415885, -1.01036, 9.69991, -0.442505, -1.43433, 0.793457, 21.6517, 92212.9
7773, 0.00164062, -0.00164062, 0.000410156, 0.00328125, -0.430564, -1.04461, 9.71459, -0.762939, -1.80054, 0.518799, 21.6631, 92212.6
7783, 0.00205078, 0, 0.00164062, 0.00328125, -0.523526, -1.06418, 9.72682, -1.06812, -2.68555, 0.0915527, 21.6413, 92213.4
7793, 0.00369141, 0.000410156, 0, 0.00328125, -0.533312, -1.09843, 9.72927, -0.808716, -2.86865, -0.274658, 21.649, 92212.5
7803, 0.00246094, 0.000410156, 0.00246094, 0.00287109, -0.445242, -1.14002, 9.74639, -0.457764, -2.36511, -0.457764, 21.6555, 92212.5
7823, 0.00123047, -0.000820312, 0.00328125, 0.000410156, -0.386529, -1.03482, 9.68279, -1.19019, -4.37927, -0.793457, 21.6592, 92213.1
7833, 0.000820312, -0.00205078, 0.00246094, 0.00451172, -0.386529, -0.973661, 9.71704, -1.23596, -3.34167, -0.411987, 21.6592, 92213
7843, 0.000820312, 0.00164062, -0.00123047, 0.00451172, -0.442796, -1.0813, 9.75129, -1.51062, -3.05176, -0.396728, 21.6501, 92212.5
7853, 0.00164062, 0.00164062, 0.00123047, 0.00246094, -0.386529, -1.10577, 9.73416, -1.51062, -3.96728, -0.549316, 21.6496, 92212.5
7863, 0.00164062, 0.000820312, 0.00123047, 0.00328125, -0.305798, -1.1498, 9.71704, -0.793457, -3.28064, -0.396728, 21.6634, 92213.7
7873, 0.00246094, -0.000820312, 0.00164062, 0.00369141, -0.298459, -1.15469, 9.70481, -0.167847, -1.89209, -0.0152588, 21.654, 92213
7883, 0.00502441, 0.00123047, 0.000820312, 0.00205078, -0.330262, -1.07152, 9.73906, -0.366211, -1.19019, 0.152588, 21.6458, 92213.2
7903, 0.00123047, 0.00205078, 0, 0.000820312, -0.384082, -1.03237, 9.71704, -1.31226, -1.7395, 0.244141, 21.647, 92213.2
7913, 0.00123047, 0.00205078, 0, 0.00246094, -0.276441, -1.14246, 9.74395, -1.05286, -1.63269, 0.350952, 21.6646, 92212.9
7923, 0.00502441, 0.00246094, 0.00205078, 0.000820312, -0.298459, -1.07886, 9.71948, -0.534058, -1.25122, 0.701904, 21.6542, 92212.9
7933, 0.00164062, 0.00205078, 0.00164062, 0.00246094, -0.396314, -1.0813, 9.70236, -0.396728, -1.14441, 0.900268, 21.6523, 92213.2
7943, -0.000410156, 0.00205078, 0.000410156, 0.00123047, -0.413439, -1.06907, 9.68279, -0.38147, -0.228882, 0.717163, 21.6462, 92213
7953, 0.000820312, 0.000410156, 0.00246094, 0.00123047, -0.423224, -1.05439, 9.68524, -0.442505, 0.900268, 0.457764, 21.6519, 92213.1
7963, 0.000820312, 0.000410156, 0.00164062, 0.000820312, -0.376743, -1.03727, 9.6779, -0.0610352, 2.04468, 0.335693, 21.6518, 92213.2
7973, 0.00164062, 0.000820312, 0.00164062, 0.00164062, -0.366958, -1.02993, 9.68034, 0.701904, 3.38745, 0.442505, 21.6569, 92212.9
7993, -0.000820312, -0.000820312, 0.000820312, 0.00123047, -0.366958, -0.990786, 9.72682, 2.30408, 7.69043, 0.610352, 21.6611, 92212.9
8003, 0, -0.000820312, 0.00328125, 0.00123047, -0.501509, -1.06173, 9.80021, 1.00708, 7.12585, 0.305176, 21.6486, 92212.8
8013, 0.00123047, -0.000820312, -0.000820312, 0.00164062, -0.533312, -1.04216, 9.81, -0.259399, 3.60107, -0.0915527, 21.6564, 92213.3
8023, 0.00123047, -0.000410156, -0.000820312, -0.000410156, -0.550436, -1.06662, 9.80511, 0.213623, 2.15149, -0.579834, 21.6637, 92213.5
8033, 0.00123047, 0.000820312, -0.000410156, 0.00123047, -0.462367, -1.2501, 9.77575, 1.38855, 3.66211, -0.961304, 21.6646, 92212.8
8043, 0.000410156, 0.00205078, -0.000410156, 0.00205078, -0.376743, -1.24032, 9.74884, 1.40381, 1.83105, -1.37329, 21.6634, 92213.1
8053, 0.00543457, 0.00205078, 0.00287109, 0.00205078, -0.401207, -0.993232, 9.73416, 0.244141, -0.549316, -1.20544, 21.649, 92213
8073, 0.00164062, 0.00123047, 0.000410156, 0.00246094, -0.320476, -1.10332, 9.64365, -1.00708, -1.297, -0.900268, 21.6608, 92212.6
8083, 0.00164062, 0.000410156, 0.000410156, 0.00246094, -0.185925, -1.12534, 9.59961, -0.167847, 0.50354, -0.152588, 21.6598, 92212.7
8093, 0.00164062, 0.00123047, -0.000410156, 0.00246094, -0.234853, -1.24032, 9.55313, 1.52588, 4.42505, 0.701904, 21.6588, 92213
8103, 0.00451172, 0.00164062, 0.00123047, 0, -0.232406, -1.30637, 9.61429, 3.40271, 9.85718, 1.40381, 21.6542, 92212.9
8113, 0.00287109, 0.00246094, 0.000410156, 0, -0.349833, -1.13268, 9.73416, 3.46374, 12.0697, 2.02942, 21.6508, 92212.3
8123, 0.00287109, 0.00246094, 0.000410156, 0.000410156, -0.533312, -0.873359, 9.69257, 2.67029, 8.49915, 2.13623, 21.6501, 92213.1
8133, 0.00123047, 0.00287109, 0.000410156, 0.00123047, -0.653185, -0.826878, 9.78554, 2.42615, 7.20215, 1.80054, 21.6742, 92212.6
8143, 0.00451172, -0.000820312, -0.000820312, 0.00205078, -0.653185, -0.883145, 9.73416, 1.98364, 5.56946, 1.15967, 21.6703, 92212.7
8163, 0.00287109, -0.00123047, 0, 0.00123047, -0.648292, -0.856234, 9.68524, 1.34277, 3.61633, 0.305176, 21.6618, 92213.4
8173, 0.00205078, -0.00123047, 0.00123047, 0.00246094, -0.672756, -1.0128, 9.74639, 0.396728, 2.15149, -0.488281, 21.6634, 92213
8183, 0.00205078, 0.00205078, 0.00123047, 0.00164062, -0.560222, -1.0177, 9.76107, -0.640869, 0.106812, -1.0376, 21.6659, 92212.6
8193, 0.00123047, 0, -0.000820312, 0.00246094, -0.523526, -0.941858, 9.74395, -1.0376, -2.30408, -1.23596, 21.6591, 92212.6
8203, -0.00123047, 0, 0.00123047, 0.00164062, -0.48683, -1.06662, 9.68768, -0.62561, -3.82996, -1.15967, 21.6595, 92212.1
8213, -0.000820312, 0.00123047, 0.000820312, 0.00164062, -0.420778, -1.17671, 9.66322, -0.0305176, -2.67029, -1.02234, 21.6675, 92212.5
8223, -0.000410156, 0.00123047, 0.00246094, 0.00246094, -0.467259, -1.09843, 9.64365, 0.0457764, -0.808716, -0.88501, 21.6686, 92213
8243, 0.00164062, -0.000820312, 0.00164062, 0, -0.396314, -1.06907, 9.68279, 0, 1.00708, -0.38147, 21.6522, 92212.9
8253, 0.00451172, 0.000410156, 0.00123047, -0.00123047, -0.381636, -1.02503, 9.66322, 0.839233, 2.60925, 0.228882, 21.6639, 92212.8
8263, 0.00205078, 0.000820312, 0.000410156, -0.00123047, -0.440349, -0.929626, 9.59472, 2.22778, 6.40869, 1.06812, 21.6633, 92212.7
8273, 0.00164062, 0.000820312, 0.00205078, -0.00123047, -0.658077, -1.33328, 9.85404, 2.0752, 7.49206, 0.0762939, 21.6619, 92213
8283, 0.00164062, 0.00287109, 0.00205078, 0.00123047, -0.52108, -1.23542, 9.76841, -0.305176, -1.02234, -0.823975, 21.6653, 92213
8293, 0.00123047, 0.000820312, 0.000410156, -0.00123047, -0.496616, -0.985893, 9.79532, 0.38147, -2.31934, -0.88501, 21.6507, 92213
8303, 0.00246094, -0.00205078, -0.00164062, 0, -0.572454, -0.902716, 9.70481, 1.14441, -1.69373, -0.656128, 21.6671, 92212.8
8313, 0.000820312, 0.000410156, 0.00123047, 0.000410156, -0.577347, -0.939412, 9.72927, 0.396728, -3.23486, -0.717163, 21.6629, 92212.8
8333, 0.00205078, 0.000820312, 0.000410156, 0.00328125, -0.467259, -0.995678, 9.66566, -0.747681, -2.21252, -0.732422, 21.6602, 92213.5
8343, 0.00328125, 0.00246094, 0.00164062, 0.00164062, -0.445242, -1.07641, 9.69747, -0.106812, 0.350952, -0.335693, 21.6696, 92213.3
8353, 0.000820312, 0.00246094, 0.000410156, 0.00164062, -0.508848, -0.998125, 9.68279, 0.564575, 1.52588, -0.0762939, 21.666, 92213.1
8363, 0.00205078, 0.00205078, 0.00287109, 0.000820312, -0.584686, -0.971215, 9.71214, 0.823975, 1.67847, -0.0152588, 21.6645, 92213.2
8373, 0.00205078, 0.000410156, 0, 0.000820312, -0.501509, -1.02259, 9.72927, 0.579834, 1.35803, -0.152588, 21.6699, 92212.9
8383, 0.00246094, 0.000410156, -0.000820312, 0.00287109, -0.525973, -0.995678, 9.72193, 0.488281, 0.579834, -0.289917, 21.6614, 92213.2
8393, 0.00246094, 0.000820312, -0.000820312, -0.000410156, -0.530865, -0.973661, 9.74395, 0.274658, 0.793457, -0.137329, 21.657, 92212.8
8413, 0.000410156, 0.000410156, -0.000820312, 0.00287109, -0.220175, -0.721683, 9.48952, 0.457764, 0.656128, 0.701904, 21.664, 92212.5
8423, 0.00123047, 0, -0.000820312, 0.00287109, -0.795075, -1.24521, 10.1182, 2.13623, 10.6659, 0.183105, 21.6678, 92213.6
8433, 0.00287109, 0, 0.000820312, 0.00123047, -0.550436, -1.29658, 9.53601, -2.44141, -3.38745, -0.518799, 21.6717, 92212.7
8443, 0.00287109, 0, 0.000820312, 0.00328125, -0.428117, -1.01036, 9.88584, -0.137329, -3.14331, -0.900268, 21.661, 92213
8453, 0, -0.000410156, 0.00123047, 0.00451172, -0.54799, -0.924733, 9.673, 1.84631, 1.89209, -0.244141, 21.655, 92213
8463, 0.00287109, 0.000820312, -0.00164062, 0.00287109, -0.570008, -0.990786, 9.71459, 1.57166, -0.427246, -0.244141, 21.6613, 92212.7
8473, 0.00123047, -0.000410156, 0, 0.00287109, -0.506402, -0.990786, 9.69013, -0.289917, -0.854492, -0.442505, 21.6624, 92213.3
8483, -0.00123047, -0.000410156, 0.00123047, 0.00369141, -0.457474, -1.03971, 9.6412, -0.640869, 0.137329, -0.366211, 21.6595, 92212.7
8503, 0.00123047, 0.00164062, 0.000820312, 0.00328125, -0.472152, -1.06418, 9.73416, 0.823975, 2.2583, 0.213623, 21.6609, 92212.7
8513, 0.00451172, 0.000410156, 0.000410156, 0.00328125, -0.592025, -0.968768, 9.72438, 1.12915, 1.0376, 0.167847, 21.6801, 92212.4
8523, 0.00328125, -0.000820312, 0.00205078, 0.00164062, -0.577347, -0.91984, 9.71948, 1.40381, 1.93787, 0.259399, 21.6657, 92212.8
8533, 0.00410156, 0.00164062, 0, 0.00164062, -0.592025, -0.961429, 9.74884, 0.717163, 2.09045, 0.12207, 21.6681, 92212.6
8543, 0.00410156, 0.00164062, 0, 0.000820312, -0.587132, -1.02014, 9.72438, -0.518799, -0.976562, -0.335693, 21.6679, 92213.2
8553, 0.00328125, 0.000820312, 0.00205078, -0.000410156, -0.535758, -0.998125, 9.71459, -0.0915527, -0.488281, -0.305176, 21.6679, 92212.8
8563, 0.00246094, -0.000820312, 0.00205078, 0.00369141, -0.489277, -1.0128, 9.70236, 0.579834, 0.88501, -0.0305176, 21.6748, 92212.6
8573, 0.000820312, -0.000410156, 0.00287109, 0.00164062, -0.557776, -0.944304, 9.68768, 0.808716, 0.793457, 0.137329, 21.6704, 92213.1
8593, 0.00287109, 0, -0.000820312, 0.00287109, -0.52108, -0.993232, 9.71704, 0, 1.52588, 0.274658, 21.674, 92212.5
8603, 0.00287109, 0.000820312, -0.000820312, 0.00123047, -0.572454, -0.981, 9.69013, -0.366211, 1.32751, 0.305176, 21.6612, 92212.9
8613, 0.00205078, 0.00205078, 0.00246094, 0.00123047, -0.616489, -0.958983, 9.72682, -0.152588, 0.900268, 0.213623, 21.6678, 92212.5
8623, 0.00287109, -0.00164062, 0.00246094, 0, -0.501509, -1.0495, 9.72927, 0.0762939, 0.915527, 0.12207, 21.6655, 92212.8
8633, 0.00246094, -0.000820312, -0.000820312, 0.00287109, -0.540651, -1.118, 9.76107, -0.274658, -1.40381, -0.350952, 21.6673, 92213.5
8683, 0.00410156, 0.00246094, 0.000410156, 0.000820312, -0.560222, -1.0177, 9.75129, 0.0152588, -2.09045, -0.549316, 21.6616, 92212.5
8703, 0.00328125, 0.00205078, 0, 0.00287109, -0.570008, -0.998125, 9.69013, 0.839233, -1.54114, -0.579834, 21.6702, 92212.8
8713, 0.00123047, -0.00123047, 0.000820312, 0.00205078, -0.523526, -0.978554, 9.68768, 0.656128, -0.854492, -0.62561, 21.6735, 92212.8
8723, 0, 0, 0.00246094, 0.00205078, -0.540651, -0.951643, 9.68768, 0.244141, -0.488281, -0.50354, 21.661, 92213.1
8733, 0.00369141, 0, 0.00123047, 0.00246094, -0.594471, -0.89293, 9.69747, -0.106812, -0.686645, -0.457764, 21.6843, 92212.8
8743, 0.00246094, 0, -0.00123047, 0.00246094, -0.528419, -0.941858, 9.71704, -0.274658, -0.274658, -0.396728, 21.6664, 92212.7
8753, 0.00246094, 0.00123047, -0.00123047, -0.000410156, -0.501509, -0.968768, 9.72438, -0.411987, -0.686645, -0.335693, 21.6726, 92212.9
8763, 0, -0.00123047, 0.00287109, -0.000410156, -0.528419, -0.983446, 9.72682, -0.488281, -1.40381, -0.38147, 21.6739, 92212.6
8773, 0.00164062, 0.00246094, 0.000410156, 0.00123047, -0.54799, -0.951643, 9.70236, -0.396728, -1.90735, -0.320435, 21.6566, 92212.9
8793, 0.00328125, 0.00246094, -0.000410156, 0.00246094, -0.552883, -0.993232, 9.71214, -0.473022, -1.72424, -0.62561, 21.6816, 92213.3
8803, 0.00328125, 0.00246094, 0.000820312, 0.00328125, -0.511294, -1.20851, 9.74395, -0.579834, -1.78528, -1.06812, 21.6743, 92212.7
8813, 0.00328125, 0.000820312, 0.000820312, 0, -0.462367, -1.16203, 9.76841, -0.427246, -2.91443, -1.5564, 21.6705, 92213.4
8823, 0.00205078, 0, 0.00246094, 0.00164062, -0.540651, -0.914948, 9.72682, 0.396728, -3.58582, -1.57166, 21.6716, 92213
8833, 0.00123047, 0.00164062, 0.00164062, 0.000410156, -0.506402, -0.929626, 9.69013, 0.991821, -3.60107, -1.297, 21.6662, 92213.4
8843, 0.00328125, 0.000820312, 0.00205078, 0.000410156, -0.410993, -1.01525, 9.66322, 0.747681, -2.42615, -0.88501, 21.6712, 92213.6
8853, 0.00205078, 0.000820312, 0.000820312, 0.00246094, -0.408546, -1.00546, 9.66322, 0.167847, -0.335693, -0.518799, 21.6668, 92213
8873, 0.00164062, -0.00205078, 0.000410156, 0.00369141, -0.560222, -0.902716, 9.71948, -1.19019, -0.274658, 0.0762939, 21.6767, 92213
8883, 0.00287109, -0.00164062, 0.000410156, 0.00164062, -0.513741, -0.968768, 9.75618, -1.15967, -1.15967, 0.0610352, 21.6874, 92212.9
8893, 0.00205078, -0.00205078, -0.000820312, 0.00164062, -0.479491, -1.00546, 9.73906, -1.09863, -2.0752, -0.0305176, 21.6797, 92212.6
8903, 0.00164062, -0.00205078, 0.000410156, 0.00164062, -0.479491, -1.00791, 9.7097, -0.732422, -2.2583, 0.106812, 21.6747, 92212.9
8913, 0.00164062, 0.000410156, 0.000410156, 0.00123047, -0.496616, -0.985893, 9.72438, -0.88501, -2.33459, 0.183105, 21.6709, 92212.8
8923, 0.000820312, -0.00123047, 0.00287109, 0.000820312, -0.481938, -0.990786, 9.69502, -1.61743, -2.99072, 0.0610352, 21.6668, 92212.9
8933, 0.00123047, -0.00123047, -0.000410156, 0.000820312, -0.437903, -1.02993, 9.70481, -1.96838, -3.37219, 0.137329, 21.6762, 92213.2
8943, 0.00246094, 0.000410156, 0, 0.00246094, -0.425671, -1.07396, 9.71214, -1.86157, -2.83813, 0.183105, 21.6836, 92212.7
8963, 0.000820312, 0.000410156, 0.000410156, 0.00328125, -0.455027, -0.983446, 9.76107, -0.640869, -1.31226, 0.442505, 21.6759, 92212.8
8973, 0.000820312, 0, 0, 0.00328125, -0.525973, -0.949197, 9.74639, -1.58691, -2.82288, 0.320435, 21.6685, 92213.6
8983, 0.00246094, -0.00205078, 0.00205078, -0.000820312, -0.508848, -0.944304, 9.69991, -2.04468, -4.83704, 0.0457764, 21.6685, 92212.8
8993, 0.00164062, 0, 0, 0.00205078, -0.442796, -1.07396, 9.73172, -1.83105, -4.04358, -0.0915527, 21.6768, 92212.9
9003, 0.000820312, -0.00164062, 0.00205078, 0.00205078, -0.428117, -1.06173, 9.69013, -1.52588, -3.35693, -0.167847, 21.6763, 92213.3
9013, 0.00246094, -0.00164062, 0.000820312, 0.00328125, -0.447688, -0.983446, 9.70236, -1.46484, -3.14331, -0.0152588, 21.6879, 92212.5
9023, 0.00246094, -0.00164062, 0.000820312, 0.00123047, -0.428117, -1.00791, 9.70236, -1.60217, -2.94495, -0.106812, 21.6907, 92213
9043, 0.00164062, 0.000410156, 0.00123047, 0.00123047, -0.430564, -1.06662, 9.70725, -1.44958, -2.31934, -0.274658, 21.6924, 92212.2
9053, 0.000820312, 0.00164062, 0.00328125, 0.00123047, -0.31803, -1.09353, 9.65343, -0.62561, -0.701904, -0.0457764, 21.6796, 92213.1
9063, 0.000410156, 0.00164062, 0, 0.00287109, -0.29112, -1.01525, 9.6779, 1.26648, 3.72314, 0.579834, 21.6846, 92213.6
9073, 0.000410156, -0.000410156, 0, 0.00328125, -0.435456, -0.951643, 9.69013, 1.77002, 7.44629, 1.35803, 21.6797, 92212.9
9083, 0.00205078, 0, -0.000820312, 0.00123047, -0.552883, -1.09843, 9.79777, -0.793457, 3.82996, 0.701904, 21.6713, 92212.8
9093, 0.00205078, 0.00164062, -0.000410156, 0.00205078, -0.428117, -1.06662, 9.71704, -1.70898, -1.49536, 0.183105, 21.6884, 92212.9
9103, 0.000410156, 0.00451172, 0.00287109, 0.00205078, -0.374297, -1.05928, 9.71214, 0.183105, 1.70898, 0.610352, 21.6701, 92213.8
9113, 0.00123047, 0.00451172, 0, 0.000820312, -0.386529, -0.985893, 9.6779, 1.57166, 3.98254, 1.11389, 21.6691, 92212.8
9133, 0.00164062, 0.00205078, 0.00164062, 0.00451172, -0.313137, -0.464813, 9.41858, 7.58362, 24.0478, 6.14929, 21.6835, 92212.9
9143, 0.00287109, -0.000820312, 0.00328125, 0.00451172, -1.17182, -1.07396, 9.81489, 5.92041, 36.8347, 6.98852, 21.6892, 92213.4
9153, 0.00164062, -0.000820312, 0.000820312, 0.00164062, -0.538204, -1.17426, 9.79777, -5.49316, 10.6812, 4.28772, 21.6774, 92213
9163, 0.000820312, -0.000820312, 0.000410156, 0.00164062, -0.645845, -1.54367, 10.2699, -5.90515, -2.18201, -0.701904, 21.6772, 92213.3
9173, 0.00123047, -0.000820312, 0.000410156, 0.000820312, -0.418332, -1.12778, 9.78798, -2.7771, -6.74438, 0.778198, 21.6855, 92213.4
9183, 0.00123047, 0.00287109, 0.000820312, 0.000820312, -0.604257, -0.834217, 9.81245, 2.73132, -7.06482, 1.38855, 21.6806, 92212.9
9193, 0, 0, 0, 0.00246094, -0.49417, -0.760825, 9.56781, 2.28882, -2.73132, 2.12097, 21.6864, 92213.4
9203, 0.00205078, 0.000410156, 0, 0.00164062, -0.709451, -0.802414, 9.45527, -0.686645, 3.61633, 2.80762, 21.6813, 92213
9223, 0.00205078, 0, 0.00123047, 0.00369141, -0.530865, -1.05439, 9.69013, -9.20105, -8.5907, -0.0152588, 21.6787, 92212.7
9233, 0.00205078, 0.00328125, 0.00123047, 0.00123047, -0.354726, -1.07641, 9.78309, -3.92151, -5.11169, 1.54114, 21.6768, 92212.9
9243, 0.00205078, -0.000410156, 0.00205078, 0.00369141, -0.384082, -1.60238, 9.80266, 1.57166, 2.86865, 2.28882, 21.693, 92213.2
9253, 0.000820312, 0.00123047, 0.000820312, 0.00410156, -0.579793, -1.45315, 9.72927, 0.869751, -0.0915527, 1.7395, 21.6826, 92213.3
9263, 0.00164062, -0.000410156, 0.000410156, 0.00410156, -0.675202, -1.00057, 9.72927, -2.34985, -9.20105, 0.473022, 21.6784, 92213
9273, 0.00451172, -0.000410156, 0.000410156, 0.00246094, -0.501509, -0.721683, 9.54824, -4.5166, -13.9465, 0.305176, 21.6794, 92213.3
9283, 0.00451172, 0.000820312, 0.000410156, 0.00328125, -0.386529, -0.853788, 9.54824, -1.87683, -6.62231, 1.43433, 21.6812, 92213.3
9303, 0.00246094, -0.000820312, 0.00164062, 0.00246094, -0.54799, -1.25989, 9.73906, -1.26648, 2.16675, 1.0376, 21.6836, 92212.8
9313, -0.000820312, 0.00246094, 0.00123047, 0.00246094, -0.54799, -1.06173, 9.79532, -3.28064, -4.86755, 0.259399, 21.6772, 92212.8
9323, 0.00205078, 0.00246094, 0.00123047, 0.00123047, -0.508848, -0.985893, 9.74395, -3.0365, -7.49206, 0.183105, 21.687, 92212.9
9333, 0.00205078, 0, 0.00123047, 0.00246094, -0.430564, -1.06173, 9.69747, -1.51062, -6.073, 0.564575, 21.6755, 92213.1
9343, 0.00246094, 0.00205078, 0.000410156, 0.00164062, -0.447688, -1.12289, 9.46506, 0.183105, -4.08936, 0.762939, 21.6755, 92213.4
9353, 0.00369141, 0, 0.00287109, 0.00123047, -0.48683, -1.29169, 9.58983, 2.79236, 6.42395, 0.671387, 21.6868, 92212.5
9363, 0.00164062, -0.000410156, 0.00123047, 0.00369141, -0.474599, -1.47028, 9.7097, 2.12097, 10.4828, -0.0762939, 21.6833, 92212.7
9373, 0.000820312, -0.000410156, 0, 0.00369141, -0.442796, -1.255, 9.76107, 0.961304, 2.82288, -0.717163, 21.6751, 92212.8
9393, 0.000820312, 0.00123047, -0.000410156, 0.00123047, -0.49417, -1.09598, 9.74395, 8.31604, 15.0146, 0.701904, 21.6884, 92212.9
9403, 0.00164062, 0.000410156, 0.000820312, 0.00287109, -0.567561, -1.22075, 9.81, 5.14221, 10.6812, 0.152588, 21.6826, 92213.3
9413, 0.00369141, -0.000410156, 0.000410156, 0.00164062, -0.592025, -0.976107, 9.72193, 2.27356, 3.66211, -0.656128, 21.6843, 92213
9423, 0, -0.000410156, 0.000410156, 0.00164062, -0.694773, -0.768165, 9.78064, 1.95312, 4.98962, -0.656128, 21.6858, 92212.8
9433, 0.00287109, 0.00123047, 0.00205078, 0.00164062, -0.753486, -0.80486, 9.77575, 1.51062, 2.28882, -0.946045, 21.6841, 92213.1
9443, 0.00287109, 0.00205078, 0.00205078, 0.00410156, -0.707005, -0.924733, 9.78309, 0.106812, -3.52478, -1.63269, 21.6824, 92212.9
9453, -0.000820312, -0.00123047, 0.00123047, 0.000410156, -0.577347, -1.02014, 9.72927, -1.20544, -7.44629, -2.12097, 21.6824, 92213.5
9473, 0.00328125, 0.00123047, 0, 0.00451172, -0.540651, -1.10821, 9.77575, -2.04468, -7.44629, -2.34985, 21.6875, 92213.2
9483, 0.00205078, 0.00123047, -0.00328125, 0.00328125, -0.43301, -1.12534, 9.74395, -2.56348, -8.17871, -2.13623, 21.6881, 92213.6
9493, 0.00205078, 0.00328125, -0.00328125, 0.00205078, -0.418332, -1.19628, 9.71948, -1.77002, -7.84302, -1.98364, 21.6902, 92212.7
9503, 0.00328125, 0.00205078, 0.00123047, 0.000410156, -0.388975, -1.20607, 9.68768, -0.717163, -6.21033, -1.7395, 21.6827, 92213.3
9513, 0.00164062, -0.000410156, 0.00164062, 0.000410156, -0.388975, -1.10821, 9.66566, -0.0610352, -5.17273, -1.46484, 21.6943, 92213.1
9523, 0.00123047, -0.000410156, 0.00123047, 0.000410156, -0.359618, -1.03971, 9.62407, 0.305176, -3.58582, -0.976562, 21.6849, 92213.1
9533, 0.00287109, -0.000410156, 0.00164062, 0.00205078, -0.48683, -0.890484, 9.6779, 3.60107, 6.56128, 0.991821, 21.6824, 92213
9543, 0.00287109, 0.00123047, 0.00164062, 0.000820312, -0.552883, -1.44337, 9.81, -1.43433, 2.63977, -0.549316, 21.6906, 92212.8
9563, 0.00246094, 0.000820312, 0.000410156, 0.00205078, -0.528419, -0.905162, 9.78798, -0.244141, -4.2572, -0.717163, 21.6951, 92212.8
9573, 0.00205078, 0.00246094, 0.00205078, 0.00205078, -0.388975, -0.232406, 9.08587, 6.71387, 3.05176, 2.13623, 21.6772, 92213.8
9583, 0.00502441, 0.00246094, 0.00123047, 0.00205078, -0.48683, -1.25744, 9.79288, 1.69373, 9.84192, 0.62561, 21.6931, 92213.1
9593, 0.00164062, 0.00164062, 0.00123047, 0.00123047, -0.388975, -1.28435, 9.72927, -1.61743, -0.900268, -0.534058, 21.6841, 92213.3
9603, 0.00164062, -0.000820312, 0.000820312, 0.00328125, -0.391421, -0.716791, 9.36476, -0.88501, 4.73022, 1.08337, 21.6931, 92213
9613, 0, 0.00246094, 0.000820312, 0.00123047, -0.665416, -1.3553, 10.199, -1.19019, 4.63867, 0.12207, 21.699, 92213
9623, 0.00369141, 0.000820312, -0.00123047, 0.00164062, -0.489277, -0.939412, 9.62652, -2.45667, -14.3585, -1.02234, 21.6783, 92213.3
9643, 0.00205078, -0.000410156, -0.00123047, 0.00246094, -0.545544, -1.21096, 9.72193, 1.57166, 8.3313, 4.3335, 21.6903, 92213.2
9653, 0.00205078, 0.00164062, -0.00123047, 0.00328125, -0.200604, 0.161461, 8.8608, 3.38745, 7.32422, 7.06482, 21.6889, 92212.9
9663, 0.00123047, 0.000410156, -0.000410156, 0.000410156, -0.584686, -0.408546, 9.96902, 3.75366, 40.1459, 4.40979, 21.6875, 92213
9673, 0.00205078, -0.000410156, -0.00164062, 0.00287109, -0.95409, -1.49963, 9.83936, -5.49316, 21.8658, 0.762939, 21.6865, 92212.8
9683, 0.00164062, -0.000820312, 0.00164062, 0.00287109, -0.677648, -2.13814, 10.0522, -8.01086, -3.90625, -0.289917, 21.6921, 92213.1
9693, 0.00369141, -0.000820312, 0.00205078, 0.000820312, -0.403653, -1.74672, 10.2039, -3.49426, -8.78906, 0, 21.6896, 92212.8
9703, 0.00369141, -0.00164062, 0.00205078, 0.00123047, -0.670309, -0.797521, 9.87361, 1.23596, -11.5509, 0.564575, 21.6752, 92212.9
9713, 0.000820312, 0.00123047, -0.00205078, 0.000410156, -0.655631, -0.743701, 9.72193, 0.671387, -12.3749, 0.228882, 21.6886, 92213
9733, 0.00164062, 0.000410156, 0.000410156, 0.00410156, -0.452581, -1.3553, 9.51888, -6.74438, -8.39233, -0.0610352, 21.6793, 92212.2
9743, 0.00246094, 0.000410156, 0, 0.00123047, -0.445242, -1.26233, 9.59472, -5.61523, -2.89917, 0.137329, 21.6839, 92212.6
9753, 0.00246094, -0.00205078, 0, 0.00287109, -0.550436, -1.08619, 9.77575, -1.58691, 1.09863, 0.411987, 21.6877, 92213.2
9763, 0.00246094, -0.000820312, 0.00123047, 0.00205078, -0.52108, -1.00302, 9.80511, 0.854492, 0.671387, 0.320435, 21.6955, 92213.4
9773, 0.00205078, 0.00123047, -0.00123047, 0.00123047, -0.528419, -1.08864, 9.69991, 0.793457, -2.70081, 0.946045, 21.684, 92213.5
9783, 0.00205078, -0.00205078, 0.000410156, 0.00205078, -0.467259, -0.973661, 9.49442, 1.12915, -0.839233, 1.31226, 21.6836, 92212.9
9793, 0.00246094, -0.00205078, -0.000820312, 0.00205078, -0.398761, -0.932072, 9.5727, 0.0152588, 4.60815, 1.26648, 21.6881, 92213.2
9813, 0.000820312, 0.00123047, -0.000410156, 0.00369141, -0.52108, -1.31126, 9.81489, -1.87683, -3.7384, 0.457764, 21.6971, 92213.9
9823, 0.00205078, 0.00123047, 0.00164062, 0.00328125, -0.513741, -0.993232, 9.77086, -1.52588, -3.7384, 0.991821, 21.684, 92213
9833, 0.00164062, 0.00123047, -0.00164062, 0.00369141, -0.5749, -0.741254, 9.63386, 1.40381, 5.59998, 1.44958, 21.6898, 92212.5
9843, 0.00205078, 0.00123047, 0.00164062, 0.00369141, -0.567561, -1.02503, 9.58983, 3.43323, 8.23975, 1.37329, 21.679, 92213
9853, 0.000410156, 0.000410156, 0.00328125, 0.00246094, -0.530865, -1.03727, 9.56536, 2.0752, 9.64355, 0.946045, 21.6901, 92213.2
9863, 0.000410156, -0.000410156, 0.00328125, 0.00410156, -0.570008, -1.11555, 9.69013, 0.88501, 10.1166, 0.732422, 21.6923, 92213.1
9873, 0.000820312, 0.000820312, 0.000820312, 0.00410156, -0.567561, -1.16448, 9.83446, 0.50354, 5.50842, 0.305176, 21.6884, 92213.5
9883, 0.00205078, -0.00205078, 0.00205078, 0, -0.702112, -1.13512, 9.84425, 1.12915, 2.83813, -0.152588, 21.6821, 92213.5
9903, 0.00205078, 0.000410156, 0.00123047, 0.000410156, -0.481938, -1.03971, 9.68034, 4.3335, 5.98144, 0.198364, 21.6904, 92213.3
9913, 0.00205078, 0.000410156, 0.00123047, 0.00164062, -0.567561, -1.10821, 9.65833, 4.04358, 4.57764, -0.0762939, 21.6879, 92213
9923, 0.00410156, -0.00123047, 0, 0.000820312, -0.677648, -1.02014, 9.69991, 1.2207, 1.95312, -0.839233, 21.6861, 92212.8
9933, 0.00123047, 0.00123047, 0.000410156, 0.00328125, -0.611596, -1.19873, 9.73172, -0.50354, 2.04468, -0.900268, 21.6848, 92213.6
9943, 0.00328125, 0, 0.00205078, 0.00328125, -0.616489, -1.13268, 9.76107, 1.0376, 1.54114, -0.839233, 21.7008, 92212.8
9953, -0.000820312, 0, 0.00123047, 0.00287109, -0.677648, -0.946751, 9.7733, 2.97546, -0.320435, -0.961304, 21.6871, 92212.5
9963, 0.00287109, 0.000820312, 0.00123047, 0.00246094, -0.675202, -0.934519, 9.72193, 2.91443, -1.51062, -1.09863, 21.7001, 92213
9983, 0, 0.00164062, -0.00123047, 0.00164062, -0.560222, -1.07641, 9.69257, -0.0762939, -1.12915, -1.05286, 21.6894, 92213.8
9993, 0.00502441, -0.000820312, -0.000820312, 0.00164062, -0.616489, -1.0128, 9.69257, -0.50354, -0.839233, -0.930786, 21.6882, 92212.9
10003, -0.00205078, -0.000820312, 0.00164062, 0.00246094, -0.626274, -1.06662, 9.73661, 0.183105, -0.0457764, -0.656128, 21.686, 92212.9
10013, 0.00123047, 0.00205078, 0.00164062, 0.00287109, -0.567561, -1.03237, 9.70236, 1.26648, 0.152588, -0.442505, 21.6951, 92213.5
10023, 0.00123047, -0.00123047, -0.000820312, 0.00369141, -0.589579, -0.981, 9.68768, 1.84631, 0.289917, -0.12207, 21.6843, 92212.7
10033, 0.00164062, 0.000820312, 0, 0.00164062, -0.572454, -0.932072, 9.67545, 1.15967, 0, 0.137329, 21.688, 92213.5
10043, 0.000410156, 0.00123047, 0.00410156, 0.00164062, -0.601811, -0.844003, 9.66322, -0.778198, 0.213623, 0.335693, 21.6853, 92213.3
10053, 0.00410156, 0.00123047, 0.00164062, 0.00164062, -0.640953, -0.91984, 9.66566, -0.88501, 0.305176, 0.350952, 21.684, 92212.8
10073, 0.00205078, 0.00123047, 0.00123047, 0.00205078, -0.540651, -0.95409, 9.69747, -0.411987, -1.34277, 0.854492, 21.6898, 92213
10083, 0.00164062, 0.000820312, 0.00164062, 0.000410156, -0.570008, -0.86602, 9.69991, -1.06812, -2.16675, 1.25122, 21.6897, 92213.4
10093, 0.00205078, 0, 0.00164062, 0.00328125, -0.555329, -0.834217, 9.66077, -2.27356, -4.63867, 1.40381, 21.6915, 92213.4
10103, 0.00164062, 0.000410156, 0.00123047, 0.00328125, -0.506402, -0.80486, 9.673, -3.44849, -5.40161, 2.10571, 21.6705, 92212.7
10113, 0.00123047, 0.000410156, 0.000820312, 0.000410156, -0.410993, -0.829324, 9.77575, -3.61633, -5.32532, 3.38745, 21.6918, 92212.7
10123, 0.00123047, 0, 0.000820312, 0.00246094, -0.266656, -0.75104, 9.75129, 1.35803, 3.54004, 8.89587, 21.6925, 92213.3
10133, 0.000820312, -0.000410156, -0.00123047, 0.00246094, 0.159015, 0.0880698, 9.45283, 11.3525, 25.5737, 14.0533, 21.7006, 92213.9
10153, 0.00164062, 0.000820312, -0.000410156, 0.000820312, 0.0880698, -1.67333, 9.2718, 18.1122, 51.8188, 20.5078, 21.6908, 92213.2
10163, 0.00246094, 0.000820312, 0.00287109, 0.000410156, 0.132105, -1.98402, 9.08342, 18.6768, 46.3867, 23.0865, 21.689, 92212.9
10173, 0, -0.00287109, 0.00287109, 0.00164062, -0.232406, -1.60972, 9.29381, 15.1978, 37.7502, 37.262, 21.6901, 92213
10183, 0, -0.000820312, 0, 0.00246094, 3.68425, 0.0880698, 10.15, 12.4359, 44.4183, 55.4199, 21.6909, 92213.1
10193, 0.00369141, 0.000820312, 0.000410156, 0.00246094, 2.67145, 0.45992, 10.1696, 23.5291, 53.5889, 76.5076, 21.6888, 92213.1
10203, 0.00287109, -0.00123047, 0.00123047, 0.00246094, 1.36019, -0.640953, 8.96111, 38.2843, 66.8182, 82.962, 21.6867, 92213.2
10213, 0.000820312, -0.00123047, 0.00123047, 0.00205078, -1.19384, -1.69534, 9.1348, 42.8619, 82.2754, 78.3234, 21.6935, 92213
10223, 0.00328125, -0.000410156, 0.00123047, 0.00328125, -2.9748, -2.26046, 9.12991, 40.6189, 79.1626, 66.0248, 21.7016, 92213
10243, 0.00328125, -0.00164062, 0.00123047, 0.00328125, -4.09525, -1.58526, 9.41369, 24.2157, 31.7383, 37.5519, 21.6885, 92212.9
10253, 0.00328125, -0.00164062, 0.00287109, 0.00123047, -3.69893, -0.905162, 9.62407, 13.7939, 11.9781, 26.6571, 21.6976, 92213.3
10263, 0.00164062, -0.00164062, 0.00123047, 0.00123047, -3.24635, -0.0905162, 9.31583, 9.47571, -10.1166, 19.6533, 21.6974, 92213.5
10273, 0, 0.00123047, 0.00123047, 0.00164062, -2.57849, 0.670309, 9.03939, 10.6049, -33.8745, 16.7694, 21.7029, 92213.3
10283, 0, -0.000820312, -0.000820312, 0.00164062, -1.9987, 1.1131, 9.13725, 11.3525, -44.0979, 14.801, 21.6952, 92213
10293, 0.00369141, -0.00164062, -0.00123047, 0.00451172, -1.83234, 1.1865, 12.2613, 7.98035, -27.7557, 12.6038, 21.6986, 92213.1
10303, 0.00246094, 0.000410156, 0.00246094, 0.00451172, -2.3681, 1.13268, 9.27913, -0.427246, 76.004, 16.449, 21.7009, 92212.7
10323, 0.00205078, 0.00123047, 0.000820312, 0.00123047, -3.08, -0.418332, 9.40635, 27.1606, 15.1367, 13.7329, 21.6882, 92213.1
10333, 0.00205078, 0.000410156, 0.000820312, 0.00123047, -2.37055, -0.86602, 10.0497, 8.46863, 9.52148, 5.78308, 21.6898, 92213.6
10343, 0.00369141, -0.000820312, -0.000820312, 0.00205078, -1.85436, -1.255, 10.3262, -14.2212, -16.0828, -2.76184, 21.6972, 92213.7
10353, 0.000820312, 0.00123047, 0.00164062, 0.000820312, -3.33931, -1.27701, 8.70179, -14.5721, -18.9514, -10.6201, 21.6874, 92212.7
10363, 0.00164062, 0.00123047, 0.00205078, 0.000820312, -4.1295, -1.04705, 7.68654, 1.28174, -18.1274, -22.0184, 21.691, 92213.2
10373, 0.00246094, 0.00123047, 0, 0.00287109, -3.92155, -0.846449, 5.93737, 26.001, -70.9076, -30.0751, 21.6946, 92213.2
10383, 0.00205078, 0.00123047, 0, 0.00205078, -2.59561, 0.151676, 7.70122, 26.7181, -91.1255, -35.0647, 21.6866, 92212.8
10393, 0.00205078, 0.000820312, 0.000410156, -0.000820312, -1.82256, 0.858681, 9.31094, 9.35364, -123.779, -40.3595, 21.6925, 92212.9
10413, 0.000820312, 0.000820312, 0.00164062, 0.000820312, 1.39444, 0.956536, -1.12534, 36.7737, -365.753, -30.3497, 21.6933, 92213.1
10423, 0.00287109, 0.000820312, 0.00164062, 0.00369141, 1.03237, 0.956536, 21.4572, 202.499, -162.094, -4.18091, 21.7012, 92212.8
10433, 0.00205078, 0.000410156, 0.00164062, 0.00287109, 8.14157, -5.12273, -0.814646, -92.0715, 70.4651, 4.73022, 21.7029, 92213
10443, 0.00205078, 0.00123047, 0.000410156, 0.00328125, 0.195711, 1.1816, 14.4116, 57.3883, -71.5027, 5.15747, 21.6867, 92213
10453, 0.00205078, -0.000410156, 0.000820312, 0.00123047, -1.07886, -0.330262, 8.52565, -6.28662, 8.56018, 2.70081, 21.702, 92213.4
10463, 0.00369141, -0.00164062, 0.00164062, 0.00205078, -0.477045, 0.154122, 10.1207, 1.12915, -1.02234, 0.274658, 21.7101, 92213.4
10473, 0.00164062, -0.00164062, 0.00205078, 0.00205078, 0.0562668, 0.178586, 9.76352, -0.701904, 0.137329, 0.274658, 21.6969, 92213.2
10493, 0.00205078, 0.00246094, 0.000820312, 0.00164062, 0.107641, 0.168801, 9.75373, -0.0457764, 0, 0.0305176, 21.6974, 92212.9
10503, 0.000820312, -0.000410156, 0.000410156, 0.000410156, 0.127212, 0.156569, 9.78309, -0.106812, -0.0457764, 0.0610352, 21.6899, 92213.4
10513, 0.00246094, 0.000410156, 0.00164062, 0.00164062, 0.127212, 0.156569, 9.82223, -0.0457764, 0.0457764, 0.0457764, 21.6984, 92213.8
10523, 0.00287109, 0.000410156, 0.00164062, 0.00164062, 0.119873, 0.156569, 9.75863, -0.0762939, -0.0152588, 0.0915527, 21.681, 92213.5
10533, 0.00205078, 0.00123047, -0.00164062, 0.000410156, 0.112534, 0.168801, 9.83202, -0.0762939, -0.0915527, -0.0152588, 21.705, 92213.4
10543, 0.00123047, 0, -0.00164062, 0.00246094, 0.122319, 0.166354, 9.75618, 0.0152588, 0.0610352, 0.0152588, 21.6993, 92213.5
10553, 0.00123047, -0.00123047, -0.000820312, 0.00123047, 0.110087, 0.171247, 9.77086, -0.12207, 0, 0.106812, 21.7026, 92213.2
10563, 0.00287109, 0.000820312, 0.00123047, 0.00246094, 0.112534, 0.159015, 9.8467, -0.0762939, -0.0152588, 0.0305176, 21.7124, 92213.2
10583, 0.00246094, 0.00164062, -0.00123047, 0.000410156, 0.124766, 0.149229, 9.77086, -0.0610352, -0.0152588, 0.0762939, 21.6947, 92213.2
10593, 0.00123047, 0.00164062, -0.00123047, 0.000820312, 0.124766, 0.156569, 9.79777, -0.106812, -0.0457764, -0.0152588, 21.6978, 92213.2
10603, 0.00123047, -0.00246094, 0.00410156, 0.00164062, 0.129658, 0.163908, 9.81, -0.106812, 0.0457764, 0, 21.6983, 92213.6
10613, 0.00410156, 0.000820312, 0.00164062, 0.00328125, 0.124766, 0.163908, 9.81245, -0.12207, 0.0152588, 0.0152588, 21.6933, 92213.3
10623, 0.00164062, 0.000820312, 0.00287109, 0.00328125, 0.132105, 0.149229, 9.76841, 0.0152588, 0.0457764, 0.0305176, 21.6976, 92213.5
10633, 0.00246094, 0.000820312, 0, 0.00328125, 0.124766, 0.159015, 9.78798, -0.0762939, -0.0305176, 0.0305176, 21.7034, 92213.4
10643, 0.000410156, 0.00205078, 0, 0.00205078, 0.14189, 0.151676, 9.82468, -0.0915527, 0, 0.0152588, 21.7049, 92213.3
10653, 0.000410156, 0.00205078, 0.000820312, 0.000820312, 0.132105, 0.156569, 9.79777, -0.0457764, 0.0457764, 0.0457764, 21.6944, 92213.5
10673, 0.000820312, 0.000820312, -0.000410156, -0.000820312, 0.127212, 0.166354, 9.77086, -0.0152588, 0, 0, 21.7063, 92212.9
10683, 0.00328125, 0.000820312, 0.000820312, -0.000820312, 0.107641, 0.178586, 9.79532, -0.0610352, 0.0610352, 0.0610352, 21.7091, 92213.2
10693, 0.00287109, 0.00205078, 0.000820312, 0.000410156, 0.127212, 0.159015, 9.82468, -0.12207, 0.0152588, 0.0152588, 21.7109, 92213.1
10703, 0.00287109, 0.00123047, 0.000820312, 0.000820312, 0.112534, 0.17614, 9.7733, 0.0457764, 0, 0.106812, 21.7026, 92212.9
10713, 0.00123047, 0, 0.000820312, 0, 0.102748, 0.163908, 9.77086, -0.106812, 0.0305176, 0.0305176, 21.6897, 92213.1
10723, 0.000820312, 0.000820312, 0, 0.00246094, 0.124766, 0.171247, 9.78554, -0.106812, 0.0762939, 0.0915527, 21.7016, 92213.4
10733, 0.00369141, 0.000820312, 0, 0.00246094, 0.117426, 0.173693, 9.78554, -0.0762939, -0.0610352, 0.0457764, 21.7129, 92212.6
10753, 0.00246094, 0.00287109, 0.00205078, 0.000820312, 0.11498, 0.17614, 9.78798, -0.0762939, 0.0305176, 0, 21.7073, 92213.3
10763, 0.00246094, -0.000410156, -0.000820312, 0.00328125, 0.112534, 0.173693, 9.78309, -0.0762939, -0.0305176, 0, 21.6994, 92213.5
10773, 0.00328125, 0.000820312, 0, 0.00123047, 0.127212, 0.168801, 9.79777, -0.0610352, 0.0305176, 0.0610352, 21.7096, 92213
10783, 0.00369141, 0.000820312, 0.00205078, 0.00123047, 0.122319, 0.149229, 9.78554, -0.12207, -0.0305176, 0.0305176, 21.7082, 92213.5
10793, 0, 0.000820312, 0.00205078, 0.00246094, 0.112534, 0.14189, 9.69747, -0.0610352, -0.228882, -0.0152588, 21.695, 92212.7
10803, 0.00287109, -0.00287109, 0.00205078, 0.00123047, 0.132105, 0.163908, 9.74639, -0.0152588, -0.259399, -0.0457764, 21.7024, 92213.1
10813, 0.00287109, 0.000820312, 0.00164062, 0.000820312, 0.11498, 0.166354, 9.65588, 0.137329, -0.564575, 0.0305176, 21.7162, 92212.9
10823, 0.00205078, 0.000820312, -0.000410156, 0.00328125, 0.139444, 0.193264, 9.90786, -0.0305176, -0.289917, 0, 21.7056, 92213.1
10843, 0.000410156, 0.00246094, -0.00164062, 0.00328125, 0.129658, 0.129658, 9.77086, -0.106812, 0.106812, 0.0305176, 21.7065, 92213.5
10853, 0.00328125, 0.00164062, -0.00164062, 0.00123047, 0.129658, 0.139444, 9.68034, -0.0610352, 0.0152588, 0.0610352, 21.7049, 92212.4
10863, 0.00328125, -0.000410156, -0.000410156, 0.00123047, 0.136998, 0.134551, 9.73172, 0.0305176, 0, 0.0762939, 21.7086, 92213.2
10873, 0.00287109, -0.000410156, 0, 0.00246094, 0.119873, 0.134551, 9.81, 0, 0, 0.0305176, 21.7074, 92213.4
10883, 0.00328125, -0.000410156, 0.000820312, 0.00205078, 0.136998, 0.161461, 9.69257, 0.0762939, -0.0305176, -0.0152588, 21.6998, 92213.3
10893, 0.00287109, -0.000410156, 0.000410156, 0.00205078, 0.156569, 0.185925, 9.81489, 0.106812, 0.0152588, 0.0305176, 21.7021, 92213.1
10903, 0.00164062, 0.00164062, 0.000410156, 0.00123047, 0.163908, 0.181032, 9.99348, -0.106812, 0.12207, 0.0457764, 21.6974, 92213.6
10923, 0.00123047, 0, 0.00123047, 0, 0.124766, 0.134551, 9.71214, -0.0762939, 0.0610352, 0.0152588, 21.6964, 92213.9
10933, 0.00246094, -0.000410156, 0.00287109, 0.00205078, 0.110087, 0.124766, 9.69747, -0.0915527, 0.0152588, 0.0305176, 21.7014, 92212.7
10943, -0.00123047, -0.000410156, -0.000410156, 0.00205078, 0.100302, 0.139444, 9.73416, -0.0457764, 0.0610352, 0.0152588, 21.7089, 92214
10953, 0.00369141, 0.00205078, -0.000410156, 0.00328125, 0.0880698, 0.183479, 9.81245, -0.0152588, -0.106812, 0.0305176, 21.7, 92214.4
10963, -0.000410156, -0.00123047, -0.000410156, 0.00328125, 0.102748, 0.200604, 9.85159, -0.0152588, -0.167847, 0.0152588, 21.7071, 92213.3
10973, -0.000410156, 0.000820312, 0.000410156, 0.00123047, 0.102748, 0.20305, 9.75863, -0.12207, -0.0915527, -0.0457764, 21.72, 92213.7
10983, 0.00287109, 0.000820312, 0.00123047, 0.00410156, 0.105195, 0.188372, 9.78554, -0.0915527, 0, 0.0457764, 21.71, 92213.3
10993, 0.00246094, 0.00123047, -0.00205078, 0.00410156, 0.0929626, 0.173693, 9.82712, 0.0305176, 0.0152588, 0.0305176, 21.7085, 92213.5
11013, 0.00287109, 0.000820312, 0.00123047, 0.000410156, 0.119873, 0.14189, 9.79288, -0.0152588, 0.0762939, 0.152588, 21.6957, 92213.1
11023, 0.00287109, -0.000820312, 0.000410156, 0.00123047, 0.095409, 0.144337, 9.72193, -0.0457764, -0.0762939, 0.0762939, 21.7086, 92213.6
11033, 0.000410156, 0.000820312, 0, 0.00410156, 0.11498, 0.156569, 9.81, -0.0457764, 0.106812, 0.0152588, 21.7027, 92213.6
11043, 0.00164062, 0.000820312, -0.000410156, 0.00410156, 0.139444, 0.171247, 9.80021, -0.152588, 0.0915527, 0.0915527, 21.7038, 92213.4
11053, 0.00246094, 0.000820312, 0.00205078, 0.000820312, 0.129658, 0.149229, 9.75129, -0.0762939, 0, 0.0457764, 21.7101, 92213.4
11063, -0.00123047, -0.00287109, 0.00205078, -0.000410156, 0.14189, 0.139444, 9.75618, -0.12207, 0, 0.0305176, 21.7137, 92213.5
11073, -0.00123047, 0.00205078, -0.000820312, 0.00328125, 0.146783, 0.163908, 9.81489, 0.0305176, -0.0305176, 0.0457764, 21.7089, 92213.7
11093, 0.00410156, 0.00205078, 0.000820312, 0.000820312, 0.149229, 0.163908, 9.81489, -0.106812, -0.0152588, 0, 21.7029, 92213.5
11103, 0.00287109, 0.00205078, -0.000820312, 0.000820312, 0.159015, 0.163908, 9.77086, -0.0305176, -0.0457764, 0.0305176, 21.7121, 92213.1
11113, 0.000820312, 0.00123047, -0.000820312, 0.00123047, 0.136998, 0.168801, 9.7415, -0.0762939, 0.0610352, 0.0457764, 21.7041, 92213.6
11123, 0.000820312, 0, 0.00123047, 0.00123047, 0.112534, 0.156569, 9.78064, 0.0152588, 0.0305176, 0.106812, 21.7093, 92213.1
11133, 0.00287109, 0.000820312, 0.000820312, 0.00205078, 0.112534, 0.159015, 9.78309, -0.0152588, -0.0610352, 0.0915527, 21.7095, 92213.1
11143, 0.000410156, 0.000820312, 0.00123047, 0.00164062, 0.0929626, 0.185925, 9.79532, -0.0457764, -0.0610352, 0.0152588, 21.698, 92213.1
11153, 0.00287109, 0.000820312, 0, 0.00164062, 0.117426, 0.166354, 9.80511, -0.0610352, 0, -0.0762939, 21.6963, 92213.5
11163, 0.000410156, 0.00123047, 0.00164062, 0.00205078, 0.107641, 0.159015, 9.80755, -0.198364, -0.0610352, -0.0305176, 21.7037, 92213.3
11183, -0.000820312, 0.000410156, 0.00205078, 0.00164062, 0.102748, 0.181032, 9.78064, -0.0305176, 0.0457764, 0, 21.7153, 92212.9
11193, 0.00287109, 0.00123047, 0.00287109, 0.00369141, 0.117426, 0.17614, 9.74884, -0.106812, 0.0762939, 0.0915527, 21.7058, 92213.2
11203, 0.00246094, 0.00123047, -0.00123047, 0.00369141, 0.124766, 0.173693, 9.78554, -0.0762939, -0.0305176, -0.0152588, 21.7062, 92213.4
11213, 0.00287109, 0.000410156, 0.00123047, 0.00287109, 0.119873, 0.181032, 9.81489, -0.0610352, 0.0762939, 0.0457764, 21.7115, 92214
11223, 0.00287109, 0.00123047, 0.00123047, 0.00287109, 0.11498, 0.161461, 9.81489, -0.106812, 0.0762939, 0.0762939, 21.711, 92213.9
11233, 0.00287109, 0.00123047, 0.00164062, 0, 0.117426, 0.178586, 9.79288, -0.0457764, 0.0457764, 0, 21.7132, 92213.6
11243, 0.00205078, 0.00123047, 0.00246094, 0.00287109, 0.124766, 0.149229, 9.79532, -0.0457764, 0.0305176, -0.0152588, 21.7092, 92213.7
11263, 0.00205078, 0.000820312, 0, 0.00123047, 0.127212, 0.159015, 9.78309, -0.0610352, 0.0915527, 0.0762939, 21.7027, 92213.6
11273, 0.000410156, 0.00123047, 0, 0.00246094, 0.144337, 0.171247, 9.78064, -0.0610352, -0.0152588, 0, 21.7112, 92213.3
11283, 0.000410156, 0, -0.000410156, 0.00164062, 0.139444, 0.163908, 9.79532, -0.0762939, 0, 0.0152588, 21.7085, 92213.4
11293, 0, -0.00164062, 0, 0, 0.134551, 0.171247, 9.72438, -0.0457764, 0.0152588, 0.0152588, 21.7218, 92213.2
11303, 0.00369141, -0.000410156, 0, -0.000410156, 0.151676, 0.168801, 9.82712, -0.0762939, -0.0610352, 0, 21.7164, 92213.4
11313, 0.00164062, -0.000410156, 0.00164062, -0.000410156, 0.136998, 0.163908, 9.81489, -0.0305176, -0.0610352, 0.0610352, 21.7213, 92213.7
11323, 0.00164062, 0.00205078, 0.00164062, -0.000820312, 0.146783, 0.144337, 9.81489, -0.0762939, 0.0610352, 0.0457764, 21.7186, 92213.6
11333, 0.00164062, 0, 0.000410156, 0.000820312, 0.105195, 0.161461, 9.78798, -0.106812, 0.0152588, 0.0610352, 21.7074, 92213.6
11353, 0.00287109, 0.00164062, 0.000410156, 0.00451172, 0.110087, 0.144337, 9.82223, -0.0610352, 0.0457764, 0.0305176, 21.7091, 92213.2
11363, 0, 0.00164062, 0.00246094, 0.00451172, 0.100302, 0.154122, 9.79288, -0.0610352, -0.0152588, 0.0610352, 21.7084, 92212.5
11373, 0.00246094, -0.000820312, 0.000410156, 0.00246094, 0.105195, 0.173693, 9.78064, -0.0610352, -0.106812, 0.0152588, 21.7115, 92213.8
11383, 0.00123047, 0.00287109, 0.000410156, 0.00123047, 0.117426, 0.178586, 9.80755, -0.0610352, 0.0305176, 0, 21.7184, 92214
11393, 0.00123047, 0.000410156, 0.00205078, 0, 0.11498, 0.168801, 9.80755, -0.106812, -0.0762939, 0.0152588, 21.7126, 92213.2
11403, 0.00369141, 0.000410156, 0.00123047, 0, 0.122319, 0.17614, 9.79288, -0.0610352, 0, -0.0152588, 21.726, 92213.2
11413, 0.00164062, 0.000410156, 0.00246094, 0, 0.134551, 0.17614, 9.78064, -0.0762939, -0.0152588, 0.0610352, 21.7084, 92213.8
11433, 0.00246094, 0.00246094, 0.00123047, 0.00246094, 0.119873, 0.166354, 9.77086, -0.12207, 0.0610352, 0.0457764, 21.7198, 92213.8
11443, 0.00246094, 0.00123047, 0.00164062, -0.000410156, 0.139444, 0.154122, 9.81, -0.0762939, 0.0305176, 0.12207, 21.7155, 92213.6
11453, 0.00164062, -0.000410156, -0.000820312, 0, 0.134551, 0.149229, 9.79043, -0.0762939, 0.0152588, 0.0610352, 21.7109, 92213.6
11463, 0.00369141, 0.00205078, 0.000820312, 0, 0.119873, 0.166354, 9.78798, -0.0915527, -0.0305176, 0.0457764, 21.7155, 92213.7
11473, 0, 0.00205078, 0.00164062, 0.000820312, 0.122319, 0.159015, 9.81245, -0.0762939, 0.0762939, 0.0457764, 21.7189, 92213.8
11483, -0.000410156, 0.00123047, 0.00164062, 0.00287109, 0.119873, 0.151676, 9.80511, -0.0457764, 0.106812, -0.0152588, 21.7124, 92213.5
11493, -0.000410156, 0.00123047, 0.00246094, 0.00123047, 0.139444, 0.151676, 9.79288, -0.12207, 0.0457764, 0, 21.7165, 92213.5
11503, 0.00328125, 0, -0.000820312, 0.00164062, 0.110087, 0.154122, 9.78064, -0.0305176, -0.0457764, 0, 21.7208, 92213.3
11523, 0.00205078, 0.00410156, -0.000820312, 0.00287109, 0.129658, 0.173693, 9.80755, -0.0915527, -0.0457764, 0, 21.7171, 92213.2
11533, 0.00164062, 0.000820312, -0.000820312, -0.00205078, 0.134551, 0.173693, 9.78798, -0.0762939, 0.0457764, 0.0457764, 21.7118, 92213.4
11543, 0.00246094, 0.000410156, -0.000410156, 0.00164062, 0.117426, 0.154122, 9.79532, -0.0762939, 0.0305176, 0, 21.712, 92212.8
11553, 0.00246094, 0.000410156, 0.000820312, 0.00205078, 0.11498, 0.17614, 9.79777, -0.0305176, -0.0610352, -0.0152588, 21.7065, 92213.5
11563, 0.00164062, 0.00164062, -0.000820312, 0.000820312, 0.11498, 0.171247, 9.81245, 0, 0.0152588, 0.0305176, 21.7058, 92213.8
11573, 0.00205078, 0.00164062, 0.00123047, 0.000820312, 0.11498, 0.168801, 9.78554, 0.0152588, 0.0305176, -0.0152588, 21.7155, 92213.7
11583, -0.00246094, 0.00205078, -0.000410156, 0.00287109, 0.119873, 0.168801, 9.78554, -0.0915527, 0.0762939, 0.0305176, 21.7132, 92213.2
11603, 0.000820312, 0.00287109, -0.000410156, 0.00205078, 0.117426, 0.154122, 9.7782, -0.0762939, 0.0457764, 0, 21.7181, 92213.6
11613, 0.00205078, 0.000820312, -0.00123047, 0.00246094, 0.129658, 0.173693, 9.79777, -0.0152588, 0.0610352, 0.0457764, 21.7133, 92213.7
11623, 0.00123047, 0.000820312, 0.000410156, 0.00246094, 0.124766, 0.159015, 9.80266, -0.0457764, 0.0457764, 0.0457764, 21.7093, 92213.5
11633, 0.000820312, 0, 0.000410156, 0.00287109, 0.14189, 0.166354, 9.78554, 0.0152588, 0.0915527, 0.0457764, 21.7121, 92213.2
11643, 0.00164062, -0.00246094, 0.000410156, 0.00164062, 0.136998, 0.173693, 9.79532, -0.0152588, 0.12207, 0, 21.7195, 92213.4
11653, 0.00164062, -0.000410156, 0.00123047, 0.00164062, 0.127212, 0.144337, 9.79532, -0.106812, 0.0457764, 0.0762939, 21.7191, 92213.4
11663, 0.00123047, 0.00123047, 0.00246094, 0.00205078, 0.127212, 0.156569, 9.7782, -0.0457764, 0.0305176, 0.0610352, 21.7107, 92213.4
11673, 0.00287109, 0.000410156, -0.000410156, 0.00205078, 0.132105, 0.14189, 9.7782, -0.0762939, -0.0305176, 0, 21.7246, 92213.4
11693, 0.00164062, 0, -0.00123047, 0.00164062, 0.129658, 0.154122, 9.80021, -0.0762939, 0.0915527, 0.0457764, 21.7186, 92213.9
11703, 0.00164062, 0.00123047, -0.000410156, 0.00123047, 0.117426, 0.159015, 9.79043, -0.106812, 0.0305176, 0.0610352, 21.7134, 92213.8
11713, 0.00328125, 0.00123047, -0.000410156, 0.000820312, 0.132105, 0.181032, 9.79777, -0.0457764, 0.0305176, 0.0152588, 21.7225, 92213.6
11723, 0.00287109, -0.00246094, 0.000820312, 0.00246094, 0.129658, 0.154122, 9.78554, -0.106812, 0, 0.0152588, 21.7231, 92213.5
11733, 0.00287109, -0.00246094, 0.000820312, 0.00246094, 0.112534, 0.156569, 9.78554, -0.106812, 0.0305176, 0.0762939, 21.7104, 92213.5
11743, 0, 0, 0.000820312, 0.00205078, 0.119873, 0.161461, 9.78798, 0, 0, 0.0610352, 21.7213, 92213.3
11753, 0.00287109, 0.00246094, -0.000410156, 0.00369141, 0.117426, 0.156569, 9.79043, -0.0915527, -0.0457764, 0, 21.7187, 92212.9
11773, 0.00287109, 0.000820312, -0.00123047, 0.000820312, 0.117426, 0.159015, 9.80021, -0.0457764, -0.0610352, 0.0305176, 21.7136, 92213.2
11783, 0.00205078, 0.000820312, -0.000820312, 0.000820312, 0.107641, 0.161461, 9.79532, 0.0152588, -0.0610352, -0.0305176, 21.7077, 92213.2
11793, 0.00246094, 0, 0.00205078, 0.00246094, 0.124766, 0.163908, 9.80755, -0.106812, -0.0152588, 0.0457764, 21.7153, 92213.2
11803, 0.00164062, 0.000410156, 0.00205078, 0.00543457, 0.134551, 0.163908, 9.79288, -0.0457764, -0.0610352, 0.0152588, 21.7211, 92213.6
11813, 0.00164062, 0.000820312, 0, 0.000410156, 0.14189, 0.151676, 9.80266, -0.106812, 0.0457764, -0.0152588, 21.7155, 92213.5
11823, 0.00369141, -0.000820312, 0.000820312, 0.00123047, 0.127212, 0.159015, 9.78309, -0.0610352, 0.0305176, 0.0610352, 21.7272, 92213.6
11833, 0.00205078, -0.000820312, 0, 0.00123047, 0.127212, 0.159015, 9.80266, 0.0305176, 0, 0.0305176, 21.7137, 92212.8
11843, 0.00328125, -0.00123047, 0.00246094, 0, 0.136998, 0.171247, 9.80266, -0.0610352, -0.0762939, 0.0762939, 21.724, 92213.3
11863, 0.00287109, 0.00123047, 0.000410156, 0.00123047, 0.119873, 0.17614, 9.79532, -0.0915527, 0.0457764, 0.0610352, 21.7276, 92213.8
11873, 0.00328125, 0.000410156, 0, 0.00164062, 0.122319, 0.151676, 9.80266, -0.0152588, -0.0610352, 0.12207, 21.7245, 92213.5
11883, 0.00246094, 0.000410156, -0.000410156, 0.00164062, 0.129658, 0.161461, 9.79532, -0.0915527, -0.0152588, 0.0457764, 21.7187, 92213.4
11893, 0, 0.000410156, 0.00164062, 0.000820312, 0.112534, 0.168801, 9.81, -0.0915527, 0.0305176, 0, 21.722, 92213.3
11903, 0.000410156, 0.00164062, 0.00164062, 0.00246094, 0.110087, 0.156569, 9.79532, -0.0610352, -0.0762939, 0, 21.7176, 92214
11913, 0.000410156, 0.000820312, -0.00123047, 0.00164062, 0.127212, 0.14189, 9.78309, 0, 0, -0.0152588, 21.7332, 92213.6
11923, 0.000820312, 0.000820312, 0.00246094, 0.00205078, 0.129658, 0.151676, 9.78798, -0.0915527, 0.0610352, -0.0152588, 21.7316, 92213.5
11943, -0.00123047, -0.000820312, -0.00123047, 0.00164062, 0.136998, 0.171247, 9.80021, -0.0305176, 0, 0.0152588, 21.7169, 92213.6
11953, 0.00246094, 0.00123047, -0.00123047, 0.00164062, 0.132105, 0.166354, 9.80021, -0.0762939, 0.0762939, 0.0152588, 21.7275, 92213.6
11963, 0.00369141, 0.00123047, -0.000410156, 0.000410156, 0.11498, 0.183479, 9.78064, -0.0915527, 0.0152588, 0.0610352, 21.7164, 92213.4
11973, 0.00369141, 0.00164062, 0.00123047, 0.00123047, 0.119873, 0.173693, 9.79288, -0.0305176, 0, 0, 21.7392, 92213
11983, -0.000410156, 0.000820312, -0.000410156, 0.00164062, 0.127212, 0.161461, 9.78064, 0.0457764, 0.0152588, 0.0762939, 21.7379, 92213
11993, 0, 0.000820312, 0.00246094, 0.00164062, 0.124766, 0.124766, 9.81245, -0.0762939, 0, 0.0305176, 21.7443, 92213.4
12003, 0.00164062, 0.00123047, 0.000410156, 0.00205078, 0.117426, 0.14189, 9.81734, -0.0610352, -0.0152588, 0.0915527, 21.7329, 92213.8
12013, 0.00369141, 0.000410156, 0.000410156, 0.00164062, 0.129658, 0.139444, 9.79777, -0.137329, 0.0305176, 0.0610352, 21.7365, 92213.7
12033, 0, 0.00205078, 0.00164062, 0.00123047, 0.139444, 0.154122, 9.78554, -0.0457764, 0.0762939, 0.0152588, 21.726, 92213.5
12043, 0.000410156, 0.00205078, -0.00123047, 0.00123047, 0.122319, 0.161461, 9.78064, -0.106812, 0.0762939, 0.0457764, 21.7355, 92213.6
12053, 0.00410156, 0.00123047, 0.00205078, 0.00246094, 0.122319, 0.178586, 9.79288, -0.106812, -0.0152588, -0.0152588, 21.7226, 92213.4
12063, -0.000410156, 0.000410156, 0.00205078, 0.00287109, 0.139444, 0.17614, 9.78798, -0.0915527, -0.12207, 0.0762939, 21.7179, 92213.6
12073, -0.000410156, 0.000820312, -0.000410156, 0.00164062, 0.124766, 0.144337, 9.80021, -0.106812, -0.0305176, 0.0305176, 21.724, 92213.9
12083, 0.000820312, -0.00123047, 0.00164062, 0, 0.139444, 0.159015, 9.79288, -0.0305176, 0, 0.0915527, 21.7176, 92213.6
12093, 0.00328125, -0.00123047, 0.00287109, 0, 0.117426, 0.163908, 9.80021, 0.0152588, 0.0305176, 0.0305176, 21.7171, 92213.9
12103, 0.000820312, -0.000410156, -0.000410156, 0.00205078, 0.119873, 0.151676, 9.78798, -0.0762939, -0.0152588, 0.0915527, 21.7237, 92213.6
12123, 0.00328125, 0.00287109, 0.000820312, 0.00287109, 0.11498, 0.151676, 9.79532, -0.0610352, -0.0457764, 0.0610352, 21.7267, 92213.8
12133, 0, 0, 0.000410156, 0.00410156, 0.119873, 0.14189, 9.80021, -0.0610352, -0.0305176, 0.0152588, 21.7211, 92213.6
12143, 0, 0, 0.00287109, 0.00410156, 0.134551, 0.151676, 9.79777, -0.0915527, -0.0152588, 0.0305176, 21.7199, 92213.6
12153, 0.00123047, 0, 0.000410156, 0.00123047, 0.11498, 0.149229, 9.79043, -0.0762939, 0.0457764, 0.0762939, 21.7199, 92213.2
12163, 0.00246094, -0.00123047, 0.000410156, 0.00123047, 0.122319, 0.159015, 9.79043, -0.0457764, 0.0762939, -0.0457764, 21.7237, 92214
12173, 0.00287109, 0.00123047, 0.00287109, 0.00205078, 0.124766, 0.156569, 9.78798, -0.0152588, -0.0152588, 0.0610352, 21.726, 92213.5
12183, 0.00287109, -0.00164062, -0.00164062, 0.00287109, 0.136998, 0.178586, 9.78554, -0.0762939, 0.0152588, 0.0457764, 21.7243, 92213.3
12203, 0, -0.000820312, 0.00164062, 0.00287109, 0.127212, 0.163908, 9.77086, 0, 0.0610352, 0.106812, 21.7203, 92213.2
12213, 0.00451172, -0.000820312, 0.000410156, 0.00205078, 0.11498, 0.166354, 9.78309, -0.0457764, -0.0152588, 0.0457764, 21.7299, 92213.3
12223, 0.00123047, 0.00123047, 0.000410156, 0.000820312, 0.112534, 0.163908, 9.78798, -0.0610352, 0, 0.0305176, 21.739, 92213.8
12233, 0.00123047, 0.00246094, 0.000410156, 0, 0.11498, 0.166354, 9.80021, -0.0610352, 0, 0, 21.728, 92213.9
12243, 0.000820312, 0.00164062, -0.000410156, 0.00328125, 0.11498, 0.168801, 9.79043, -0.12207, 0.0915527, 0.0152588, 21.7211, 92214
12253, 0.000410156, 0.00164062, 0.00205078, 0.00328125, 0.124766, 0.154122, 9.79777, -0.0762939, -0.0305176, 0, 21.7254, 92213.9
12263, 0.000410156, 0.00205078, 0.00123047, 0.000410156, 0.119873, 0.149229, 9.80511, -0.0915527, 0.0152588, -0.0152588, 21.7325, 92213.2
12273, -0.00123047, 0.00123047, 0.00123047, 0.00205078, 0.127212, 0.166354, 9.78309, -0.0152588, 0.0610352, 0.0457764, 21.7221, 92213.7
12293, 0.00164062, 0.000410156, 0.000410156, 0.00123047, 0.119873, 0.168801, 9.7782, -0.0305176, 0.0457764, 0.0762939, 21.7189, 92213.5
12303, 0.000820312, 0.000410156, 0, 0.00123047, 0.134551, 0.163908, 9.82223, 0, -0.0762939, 0.0762939, 21.7225, 92213.6
12313, 0.000410156, -0.00123047, 0.00287109, 0.00328125, 0.127212, 0.159015, 9.80021, -0.0762939, 0.0457764, 0.106812, 21.739, 92213.7
12323, 0.00205078, 0.00123047, 0.00287109, 0.00123047, 0.11498, 0.156569, 9.78554, -0.0305176, 0.0305176, 0.0305176, 21.7287, 92213.3
12333, 0.000410156, 0.000410156, -0.00205078, 0.000820312, 0.127212, 0.171247, 9.78309, 0, 0.0915527, 0, 21.7149, 92213.1
12343, 0.000410156, 0.00123047, 0, 0.00287109, 0.119873, 0.159015, 9.79777, -0.0457764, -0.0457764, 0.0457764, 21.7289, 92213.4
12353, 0.00123047, 0.00205078, 0.000820312, 0.00287109, 0.134551, 0.159015, 9.80266, -0.137329, -0.0305176, 0, 21.7311, 92214
12373, -0.000410156, 0.000410156, 0.00205078, 0.00287109, 0.134551, 0.151676, 9.7733, -0.0305176, 0, -0.0152588, 21.7251, 92213.8
12383, 0.00164062, 0.000410156, 0.000410156, 0.00123047, 0.136998, 0.154122, 9.80511, -0.0610352, 0.0305176, 0.0152588, 21.7253, 92213.5
12393, 0.00164062, -0.00123047, 0.000820312, 0.00123047, 0.139444, 0.166354, 9.80021, -0.0305176, -0.0152588, 0.137329, 21.7207, 92213.5
12403, 0.00287109, 0.00123047, 0.00123047, 0.00246094, 0.136998, 0.146783, 9.79288, -0.0610352, 0.12207, 0.0152588, 21.726, 92213.6
12413, 0.00287109, 0.00123047, 0.00164062, 0.00246094, 0.119873, 0.154122, 9.78798, -0.0457764, 0.0610352, 0, 21.7203, 92213.3
12423, 0.00246094, -0.000410156, -0.000410156, 0.00625488, 0.132105, 0.171247, 9.79777, -0.0457764, 0.0152588, 0.0610352, 21.7324, 92213.3
12433, 0.00164062, 0.00123047, -0.000410156, 0.00205078, 0.124766, 0.163908, 9.80266, -0.0915527, 0, 0.0457764, 21.725, 92214.1
12443, 0.00164062, -0.000820312, -0.000820312, 0.000410156, 0.124766, 0.144337, 9.78309, -0.0915527, 0.0915527, 0.0152588, 21.7216, 92213.7
12463, 0.00164062, 0, -0.00328125, 0.00287109, 0.107641, 0.163908, 9.78064, -0.106812, 0, 0.0152588, 21.7225, 92213.5
12473, 0.000410156, -0.000820312, -0.00123047, 0.00164062, 0.110087, 0.151676, 9.78554, -0.0457764, 0, 0.0152588, 21.7235, 92213.2
12483, 0.00164062, -0.00205078, -0.00123047, 0.00164062, 0.11498, 0.151676, 9.78309, -0.0610352, 0, 0.0610352, 21.715, 92213.6
12493, 0.00164062, 0.000410156, -0.000410156, 0.00205078, 0.127212, 0.168801, 9.79777, -0.137329, -0.0152588, 0.0152588, 21.7173, 92214
12503, 0.00287109, -0.000410156, -0.000410156, 0.00205078, 0.122319, 0.161461, 9.79288, -0.0610352, 0, 0.0457764, 21.718, 92213.6
12513, 0.00410156, -0.000410156, -0.00123047, 0.00205078, 0.124766, 0.146783, 9.81734, -0.0610352, -0.0152588, 0.0457764, 21.7162, 92213.2
12523, 0.00369141, 0.00328125, 0.00164062, 0.00123047, 0.122319, 0.183479, 9.7782, -0.0305176, -0.0152588, 0.0457764, 21.7244, 92213.8
12543, 0.00123047, -0.00123047, 0.000820312, 0.000820312, 0.11498, 0.171247, 9.80021, -0.0762939, 0.0305176, 0, 21.7283, 92214
12553, 0.00123047, 0.00164062, 0.00410156, 0.00205078, 0.134551, 0.154122, 9.79532, -0.0457764, -0.0152588, 0.0610352, 21.714, 92214.1
12563, 0.00287109, 0.000410156, -0.000410156, 0.00205078, 0.122319, 0.159015, 9.78554, -0.0762939, 0.0610352, 0.0152588, 21.7323, 92212.8
12573, 0.00164062, 0.000410156, -0.00123047, 0.00246094, 0.11498, 0.168801, 9.7782, -0.106812, 0, 0, 21.7191, 92213.6
12583, 0.00369141, 0.00123047, -0.00123047, 0.000410156, 0.139444, 0.171247, 9.79288, -0.0305176, 0.0152588, 0.0457764, 21.736, 92213.1
12593, 0.000820312, -0.000410156, 0.000820312, 0.000410156, 0.124766, 0.161461, 9.80755, -0.0610352, 0, 0.0152588, 21.7275, 92214
12603, 0.000820312, -0.000820312, -0.000410156, 0.00123047, 0.139444, 0.144337, 9.78554, -0.0610352, 0.0610352, 0.0762939, 21.7247, 92213.7
12613, 0.00246094, -0.00164062, 0.000820312, 0.00287109, 0.132105, 0.17614, 9.78798, -0.0762939, 0.0305176, 0.0305176, 21.7266, 92213.9
12633, 0.00451172, -0.00123047, 0.000820312, 0.00451172, 0.11498, 0.144337, 9.79777, -0.0610352, 0.0305176, -0.0610352, 21.7279, 92213
12643, 0.00287109, 0.00123047, 0.000820312, 0.00287109, 0.124766, 0.146783, 9.7782, -0.0762939, 0.0915527, -0.0305176, 21.726, 92213.2
12653, 0.00287109, 0.000820312, 0.00164062, 0.000820312, 0.110087, 0.151676, 9.79288, -0.0152588, 0.0610352, 0.0610352, 21.7258, 92213.5
12663, 0.000820312, 0.00205078, 0, 0.00246094, 0.119873, 0.144337, 9.79777, -0.0762939, 0, 0.106812, 21.7284, 92213.9
12673, 0.00246094, 0.00205078, -0.000410156, 0.00246094, 0.119873, 0.166354, 9.79777, 0.0457764, -0.106812, 0, 21.7229, 92213.3
12683, 0.00205078, 0.00205078, 0.00164062, 0.000410156, 0.127212, 0.17614, 9.78309, 0, -0.0457764, 0.0610352, 21.7243, 92212.5
12693, 0.00246094, -0.00164062, 0.00164062, 0.00205078, 0.119873, 0.159015, 9.80021, -0.0305176, 0, 0.0305176, 21.7309, 92213.2
12713, 0.000820312, -0.000820312, 0.000410156, 0.00164062, 0.124766, 0.146783, 9.78554, 0, -0.0152588, 0.0305176, 21.7333, 92213.3
12723, 0.00287109, -0.000820312, 0.00123047, 0.00164062, 0.122319, 0.151676, 9.80511, -0.0457764, 0.0152588, 0.0457764, 21.7175, 92213.3
12733, 0.00164062, 0.00123047, 0.000820312, 0.00287109, 0.127212, 0.139444, 9.79043, -0.0610352, 0.0152588, 0.0305176, 21.7271, 92213.8
12743, 0.00287109, -0.000410156, 0.000820312, 0.000820312, 0.11498, 0.149229, 9.78798, 0, 0.0152588, 0, 21.7266, 92213.2
12753, 0.000820312, 0.00287109, 0.000410156, 0.000410156, 0.117426, 0.161461, 9.80021, -0.0762939, 0.0457764, 0.0457764, 21.7284, 92213.9
12763, 0.000820312, 0, 0.00205078, 0.00164062, 0.127212, 0.181032, 9.79532, -0.0457764, -0.0152588, 0.0305176, 21.7258, 92214.3
12773, 0.00123047, 0, -0.000410156, 0.00164062, 0.107641, 0.163908, 9.79288, -0.0610352, -0.0915527, 0, 21.7194, 92212.9
12783, 0.000820312, 0, 0.000410156, -0.000410156, 0.11498, 0.139444, 9.80511, -0.0610352, 0.0305176, 0.0610352, 21.7424, 92214
12803, 0.00123047, 0.00123047, 0, 0.00164062, 0.132105, 0.156569, 9.79532, -0.0915527, -0.0152588, 0.0305176, 21.7289, 92213.3
12813, 0.00123047, 0.00246094, -0.000410156, 0.000410156, 0.129658, 0.168801, 9.79288, -0.0915527, 0.0610352, 0.0152588, 21.73, 92214.2
12823, 0.00205078, 0.00164062, 0.000410156, 0.00164062, 0.127212, 0.161461, 9.79288, -0.0915527, -0.0152588, 0.0152588, 21.7418, 92214
12833, -0.000820312, 0.00164062, 0.00287109, 0.00164062, 0.136998, 0.166354, 9.79532, -0.0762939, 0.0762939, 0.0457764, 21.7214, 92214
12843, 0.00246094, 0, 0.00369141, 0.00164062, 0.11498, 0.173693, 9.78798, -0.0457764, 0.0152588, 0, 21.7355, 92213.4
12853, -0.000820312, 0, 0.00369141, 0.000820312, 0.127212, 0.159015, 9.80755, -0.0762939, 0.0610352, 0.0152588, 21.7258, 92213.5
12863, -0.000820312, 0.00205078, 0.00205078, 0.000410156, 0.124766, 0.154122, 9.78554, -0.0610352, 0.0305176, -0.0457764, 21.7163, 92214
12883, 0.00164062, 0.000820312, 0.000410156, 0.00287109, 0.11498, 0.163908, 9.79532, -0.137329, 0.0457764, 0.0610352, 21.7284, 92212.9
12893, 0.00287109, 0.00287109, 0, 0.000820312, 0.124766, 0.171247, 9.78798, -0.0152588, -0.0305176, 0.0457764, 21.7366, 92213.7
12903, 0.00164062, 0.000820312, 0, 0.00205078, 0.11498, 0.168801, 9.80511, -0.0610352, -0.0610352, 0.0762939, 21.7316, 92213.5
12913, 0.00164062, -0.000820312, 0.00164062, 0.00328125, 0.129658, 0.173693, 9.80021, -0.0457764, 0.0610352, 0, 21.7335, 92213.4
12923, 0.00246094, -0.000410156, 0.00205078, 0.00287109, 0.129658, 0.185925, 9.80511, 0, 0.0305176, 0.0152588, 21.7265, 92213.6
12933, 0.00246094, -0.000410156, 0, 0.00287109, 0.117426, 0.146783, 9.78554, -0.0915527, 0.0152588, 0.0762939, 21.7325, 92213.2
12943, 0.00205078, 0, 0.00123047, 0.00246094, 0.129658, 0.171247, 9.79288, -0.137329, -0.0152588, 0.0915527, 21.7362, 92213.4
12953, 0.00246094, 0.00123047, 0.00123047, 0.00205078, 0.105195, 0.151676, 9.79288, -0.12207, 0.0152588, 0.0610352, 21.7274, 92213.3
12973, 0.00246094, 0.00123047, -0.000410156, 0.00123047, 0.117426, 0.149229, 9.79532, -0.106812, -0.0305176, 0.0610352, 21.7374, 92213.6
12983, 0.00328125, 0.00123047, -0.00205078, 0.00123047, 0.117426, 0.146783, 9.81, -0.106812, -0.0305176, 0.0305176, 21.7388, 92213.8
12993, 0.000410156, -0.000410156, 0.000410156, 0.00123047, 0.122319, 0.154122, 9.80021, -0.106812, -0.0305176, 0.0610352, 21.7354, 92213.5
13003, 0.00205078, 0.00246094, 0.000410156, 0.00246094, 0.129658, 0.146783, 9.78309, -0.0305176, 0.0152588, 0.0305176, 21.7309, 92213.9
13013, 0, 0.00205078, 0.000820312, 0.000410156, 0.132105, 0.146783, 9.7782, -0.0457764, -0.0305176, 0.0152588, 21.7367, 92214.1
13023, 0, 0.00164062, 0.00123047, 0.00328125, 0.132105, 0.161461, 9.79288, -0.0762939, -0.0457764, -0.0152588, 21.7276, 92213.7
13033, 0.00123047, 0.00123047, 0.00123047, 0.00287109, 0.127212, 0.183479, 9.79532, -0.0915527, 0, 0.0305176, 21.7303, 92214
13053, 0.00410156, 0.00205078, 0.00164062, 0.000820312, 0.124766, 0.144337, 9.80266, -0.0457764, -0.0457764, 0.0610352, 21.7274, 92213.4
13063, 0.000820312, -0.00123047, 0.00164062, 0.00205078, 0.110087, 0.159015, 9.79532, -0.0762939, -0.0305176, 0.0457764, 21.7239, 92214.3
13073, 0.000820312, 0.00205078, 0.00123047, 0.00287109, 0.127212, 0.151676, 9.80755, -0.0610352, -0.0305176, 0.0152588, 21.7362, 92214.3
13083, 0.00369141, 0.00123047, 0.000820312, 0.00369141, 0.11498, 0.154122, 9.80511, -0.0762939, 0.0457764, 0.0152588, 21.7468, 92213.5
13093, 0.00246094, 0.00123047, 0.00164062, 0.00369141, 0.110087, 0.156569, 9.78554, -0.0610352, 0.0457764, 0.106812, 21.7289, 92213.3
13103, -0.000410156, 0.00205078, 0.000410156, 0.00328125, 0.107641, 0.161461, 9.78798, -0.0915527, 0.0152588, 0.0152588, 21.7299, 92213.3
13113, 0.00287109, -0.000410156, 0.000410156, 0.00410156, 0.11498, 0.146783, 9.79043, -0.0762939, -0.0610352, 0.0915527, 21.7231, 92213.4
13123, 0.00287109, 0.000820312, 0.000820312, 0.000410156, 0.122319, 0.163908, 9.79043, -0.0305176, 0, 0.0305176, 21.735, 92213.8
13143, 0.000410156, -0.000410156, 0.00205078, -0.00123047, 0.144337, 0.159015, 9.78554, -0.0305176, -0.0152588, 0.0152588, 21.735, 92213.9
13153, 0.00287109, -0.000820312, 0, 0.00205078, 0.129658, 0.173693, 9.78309, -0.0610352, 0.0610352, 0, 21.7289, 92213.5
13163, 0.00205078, 0.00287109, 0, 0.00123047, 0.132105, 0.159015, 9.78554, -0.137329, -0.0305176, 0.0457764, 21.7291, 92214
13173, 0.00287109, 0.00205078, 0.000820312, 0.00123047, 0.139444, 0.159015, 9.79777, -0.0610352, -0.0457764, 0.0457764, 21.7333, 92213.5
13183, 0.00287109, 0, 0, 0.00246094, 0.127212, 0.156569, 9.80266, -0.0762939, 0.0762939, -0.0152588, 21.7386, 92214.1
13193, 0.00246094, 0, 0.00123047, 0.00246094, 0.112534, 0.151676, 9.80266, -0.0762939, -0.0305176, -0.0152588, 21.7262, 92213.6
13203, -0.000820312, 0, -0.00123047, 0.00246094, 0.124766, 0.149229, 9.79288, -0.0762939, 0.0305176, 0.0305176, 21.7268, 92213.8
13223, 0.00369141, 0.000820312, -0.00123047, 0, 0.110087, 0.159015, 9.79288, -0.0152588, 0, 0.0152588, 21.7377, 92214
13233, 0.00369141, 0.00123047, 0.00123047, 0.000820312, 0.119873, 0.159015, 9.77575, -0.0305176, -0.0915527, -0.0305176, 21.7377, 92214.2
13243, 0.00287109, 0.00123047, 0.000820312, 0.00164062, 0.117426, 0.171247, 9.78798, -0.0305176, 0.0305176, 0.0152588, 21.7431, 92213.3
13253, 0.00287109, 0.00123047, 0.00246094, 0.00164062, 0.119873, 0.168801, 9.78798, -0.0457764, -0.0152588, 0, 21.7445, 92213.7
13263, 0.00246094, 0.000410156, 0.000410156, 0.00287109, 0.124766, 0.185925, 9.79777, -0.0457764, 0.0457764, 0.0457764, 21.7325, 92213.6
13273, 0.000820312, 0.000820312, 0.000410156, 0.000410156, 0.119873, 0.173693, 9.80511, 0, 0.0305176, 0.0457764, 21.7529, 92213.6
13283, 0.000820312, 0.000820312, 0.00287109, 0.00328125, 0.112534, 0.178586, 9.78798, -0.0457764, -0.0305176, 0.0457764, 21.7463, 92214.2
13293, 0.00246094, 0, 0.00164062, 0.000410156, 0.105195, 0.139444, 9.79532, -0.106812, 0.0915527, 0.0305176, 21.7419, 92213.5
13313, 0.00328125, 0.00123047, 0.00123047, 0.00287109, 0.117426, 0.156569, 9.80511, -0.0762939, 0.0762939, 0.0762939, 21.72, 92213.4
13323, 0.00246094, -0.000410156, 0.00123047, 0.000820312, 0.112534, 0.154122, 9.79777, -0.12207, 0.0152588, 0.0152588, 21.7435, 92213.5
13333, 0.00246094, 0, 0.00205078, 0.00287109, 0.151676, 0.149229, 9.78309, -0.12207, -0.0305176, -0.0152588, 21.7392, 92213.5
13343, 0.00246094, -0.000410156, -0.000410156, -0.000410156, 0.144337, 0.156569, 9.79777, -0.137329, 0.0305176, 0, 21.7332, 92214.2
13353, 0.00246094, -0.000410156, -0.000820312, -0.000410156, 0.159015, 0.159015, 9.80511, -0.0762939, -0.0152588, 0, 21.7283, 92214
13363, 0.000820312, -0.00123047, 0.000820312, 0.00369141, 0.151676, 0.178586, 9.79043, -0.0762939, -0.0457764, 0.0152588, 21.7492, 92213.9
13373, 0.00410156, 0.00205078, 0.000820312, 0.00328125, 0.149229, 0.156569, 9.79043, -0.0762939, 0, 0.0762939, 21.7466, 92213.5
13393, 0.00205078, 0.000410156, -0.000410156, 0.000820312, 0.139444, 0.163908, 9.80511, -0.0457764, -0.0152588, 0.0457764, 21.7423, 92213.3
13403, -0.000820312, 0.000410156, -0.000820312, 0.000820312, 0.110087, 0.156569, 9.7782, 0.0610352, 0, 0, 21.7341, 92213.8
13413, 0.00246094, 0.00205078, 0, 0, 0.124766, 0.161461, 9.79777, -0.0152588, 0, 0.0762939, 21.7386, 92213.9
13423, 0.00205078, 0.00164062, 0, 0.000820312, 0.105195, 0.178586, 9.80511, -0.167847, -0.0152588, 0.0457764, 21.7332, 92213.5
13433, 0.00123047, 0.000410156, 0, -0.000410156, 0.0929626, 0.161461, 9.81, -0.0762939, 0, 0.0305176, 21.7448, 92214.1
13443, 0.00123047, 0.000410156, 0.00164062, 0, 0.100302, 0.173693, 9.80755, -0.0457764, -0.0305176, 0.0152588, 21.739, 92213.7
13453, 0.00287109, 0.00287109, 0.000410156, 0.00369141, 0.107641, 0.173693, 9.79043, -0.12207, -0.0152588, 0.0305176, 21.7321, 92213.2
13463, 0.00123047, 0.00287109, -0.000820312, 0.00369141, 0.107641, 0.181032, 9.78309, -0.152588, 0.0305176, 0.0305176, 21.7403, 92214.2
13483, 0.00328125, 0.00328125, 0, 0.00410156, 0.11498, 0.161461, 9.79288, -0.0610352, 0.0762939, 0.0915527, 21.745, 92213.9
13493, 0.00328125, 0, 0.00205078, 0, 0.132105, 0.161461, 9.78064, -0.0915527, 0.0152588, 0.0305176, 21.7472, 92213.5
13503, 0.00164062, -0.000410156, 0.00164062, 0.000820312, 0.14189, 0.151676, 9.79777, 0, 0.0152588, 0.0762939, 21.7415, 92213.7
13513, 0, -0.000410156, -0.000410156, 0.000820312, 0.119873, 0.156569, 9.78798, 0, 0.12207, 0.0457764, 21.7502, 92213.8
13523, 0.00287109, 0.00164062, -0.000410156, 0.00410156, 0.127212, 0.151676, 9.7782, -0.0915527, 0.0610352, 0.0610352, 21.7399, 92213.9
13533, 0.00123047, -0.00164062, -0.000410156, 0.00205078, 0.146783, 0.151676, 9.79777, -0.0457764, 0.0305176, 0.0152588, 21.7346, 92213.8
13543, 0.00123047, -0.000820312, 0.00164062, 0.00287109, 0.14189, 0.146783, 9.78309, -0.0610352, 0, 0.0305176, 21.7359, 92213.9
13553, 0.00123047, 0.00205078, -0.000820312, 0.00287109, 0.151676, 0.146783, 9.81734, -0.0457764, 0, 0.0305176, 21.7521, 92214.3
13573, 0.00205078, 0, 0.00164062, 0.00410156, 0.144337, 0.149229, 9.80755, -0.0457764, -0.0762939, 0.0457764, 21.7381, 92213.9
13583, 0.00502441, 0, 0.00164062, 0.00205078, 0.112534, 0.156569, 9.7782, -0.0610352, -0.0305176, 0.0457764, 21.7437, 92213.8
13593, -0.00123047, -0.00123047, -0.000410156, 0.000410156, 0.112534, 0.161461, 9.80266, -0.106812, 0.0152588, 0.0610352, 21.7395, 92213.6
13603, -0.00123047, 0.00164062, -0.00328125, 0.000410156, 0.105195, 0.144337, 9.81734, -0.0305176, -0.0762939, 0.0457764, 21.7335, 92213.4
13613, 0.000820312, 0.00164062, 0.00205078, 0.000410156, 0.102748, 0.159015, 9.78798, -0.0457764, 0.0762939, 0.0305176, 21.7479, 92213.3
13623, 0.00328125, 0.00123047, 0.00246094, 0.00164062, 0.0929626, 0.166354, 9.76841, -0.0762939, -0.0457764, 0.0457764, 21.7332, 92214.2
13633, 0.00369141, -0.00123047, 0.00246094, -0.000410156, 0.112534, 0.154122, 9.78309, -0.0762939, 0.0762939, 0, 21.7458, 92213
13653, 0.00287109, -0.00123047, 0.000410156, -0.00164062, 0.124766, 0.163908, 9.79777, 0, 0.0610352, 0.0152588, 21.7444, 92213.7
13703, 0.00205078, 0, 0.00246094, -0.00164062, 0.117426, 0.156569, 9.81245, -0.0457764, -0.0152588, 0.0610352, 21.7573, 92214.6
13713, 0.00410156, 0.00246094, 0.00164062, 0, 0.122319, 0.154122, 9.82957, -0.0152588, -0.0152588, 0.0305176, 21.7482, 92213.7
13723, 0.00246094, 0.00246094, 0.00123047, 0, 0.122319, 0.122319, 9.79532, -0.0610352, 0.0610352, -0.0152588, 21.74, 92213.3
13733, 0.00164062, 0.00123047, 0.00205078, -0.000820312, 0.139444, 0.134551, 9.74884, -0.0762939, 0.0915527, 0.0457764, 21.7446, 92213.9
13743, -0.000820312, 0.00205078, 0.00205078, 0.00287109, 0.151676, 0.156569, 9.81489, -0.0762939, -0.0152588, -0.0457764, 21.7431, 92214.1
13753, 0.000820312, 0.00123047, 0.00205078, 0.00328125, 0.139444, 0.154122, 9.83202, 0, 0.0457764, -0.0152588, 21.7512, 92213.6
13763, 0.000820312, 0, -0.000410156, 0.000820312, 0.144337, 0.154122, 9.78798, -0.0762939, -0.0610352, -0.0152588, 21.7427, 92213.5
13783, 0.00123047, 0.00246094, 0.00205078, 0.00369141, 0.146783, 0.159015, 9.77575, -0.0762939, -0.0152588, 0.0305176, 21.7417, 92213.8
13793, -0.000410156, 0.000820312, 0.00205078, 0.00246094, 0.129658, 0.171247, 9.81734, -0.0762939, 0.0152588, 0.0457764, 21.743, 92213.9
13803, 0.00543457, 0.00164062, 0, 0.00123047, 0.122319, 0.178586, 9.79777, -0.106812, 0.0305176, 0.0610352, 21.7425, 92214
13813, 0.00543457, 0.00246094, 0.000820312, 0.00246094, 0.122319, 0.161461, 9.78064, -0.0762939, -0.152588, 0.0457764, 21.7461, 92213.6
13823, 0.00164062, 0.00246094, 0.000820312, 0.00246094, 0.0929626, 0.168801, 9.78064, -0.0305176, -0.0457764, 0.0305176, 21.7446, 92213.7
13833, 0.00164062, 0, 0.00205078, 0.00369141, 0.0978554, 0.154122, 9.81489, -0.0457764, 0.0305176, 0.0762939, 21.7376, 92213.9
13843, 0.00123047, 0.00123047, 0.00205078, 0.00328125, 0.102748, 0.163908, 9.83202, -0.0152588, -0.0305176, -0.0305176, 21.7556, 92213.3
13853, 0.00205078, 0.00123047, 0.00164062, 0, 0.100302, 0.17614, 9.79532, -0.0762939, 0, -0.0457764, 21.748, 92213.4
13873, 0.00246094, 0.00123047, 0.00164062, 0.00451172, 0.11498, 0.163908, 9.81, -0.0610352, 0.0457764, -0.0305176, 21.7345, 92214
13883, 0.00246094, 0.000410156, 0.00123047, 0.00451172, 0.112534, 0.163908, 9.81979, -0.0152588, 0.0457764, 0.0152588, 21.7448, 92214.1
13893, 0.00123047, 0, 0.000820312, 0.00123047, 0.119873, 0.154122, 9.79777, -0.0610352, 0.0152588, 0.0457764, 21.7346, 92213.7
13903, -0.000410156, -0.000820312, 0.000820312, 0.00246094, 0.146783, 0.156569, 9.78554, -0.12207, -0.0305176, 0.0152588, 21.742, 92213.9
13913, 0.000410156, 0.00246094, 0.000410156, 0.00123047, 0.136998, 0.161461, 9.80021, -0.0915527, 0.0152588, 0.0457764, 21.7495, 92213.5
13923, 0.000410156, 0.00123047, 0.000410156, 0.000410156, 0.134551, 0.161461, 9.81979, -0.0762939, 0.0457764, -0.0152588, 21.7404, 92213.4
13933, 0.00164062, 0.00123047, 0.000410156, 0.000410156, 0.146783, 0.149229, 9.80266, -0.152588, 0.0152588, 0.0457764, 21.7508, 92213.5
13953, 0.00328125, -0.00205078, 0.000820312, 0.00205078, 0.146783, 0.156569, 9.79532, -0.0305176, 0.0915527, 0, 21.738, 92214.2
13963, 0.00328125, 0.00287109, 0.00205078, 0.00123047, 0.14189, 0.166354, 9.80021, -0.0610352, 0.0152588, 0, 21.754, 92214
13973, 0.00328125, -0.000410156, 0.00123047, -0.00123047, 0.144337, 0.146783, 9.79288, -0.0457764, 0.0457764, 0.0305176, 21.7504, 92213.9
13983, 0.00123047, -0.000410156, 0.00246094, -0.00123047, 0.124766, 0.168801, 9.77575, -0.0152588, 0, 0.0457764, 21.7409, 92213.8
13993, 0.00123047, -0.00123047, 0.00205078, 0.00164062, 0.134551, 0.156569, 9.79532, -0.0457764, -0.0457764, 0.0610352, 21.7534, 92213.7
14003, 0.00328125, 0.00164062, 0.00205078, 0.00246094, 0.119873, 0.156569, 9.80755, -0.0457764, 0, 0.0457764, 21.7465, 92213.5
14013, 0.00328125, -0.00287109, -0.00164062, 0.00205078, 0.117426, 0.163908, 9.81489, -0.0305176, 0.0610352, 0.0915527, 21.7442, 92213.4
14023, 0.00328125, 0, 0.00164062, 0.00246094, 0.102748, 0.154122, 9.78554, -0.0457764, -0.0762939, 0, 21.746, 92213.3
14043, 0.00205078, 0.000820312, -0.000410156, 0.00328125, 0.0905162, 0.154122, 9.79777, -0.106812, -0.0457764, 0.0762939, 21.7508, 92214
14053, 0.00246094, -0.00164062, -0.000410156, 0.00205078, 0.0905162, 0.161461, 9.79777, 0.0152588, 0.0305176, 0.0610352, 21.7413, 92213.5
14063, 0.00205078, 0.00205078, 0.000410156, 0.000820312, 0.105195, 0.163908, 9.80021, -0.0610352, 0.0305176, 0.0152588, 21.7484, 92213.3
14073, 0.00205078, 0.000820312, 0.000820312, 0.000410156, 0.119873, 0.166354, 9.79288, -0.0152588, -0.0152588, -0.0152588, 21.7471, 92213.4
14083, 0.00287109, 0.000820312, -0.00123047, 0.000820312, 0.124766, 0.146783, 9.78798, -0.0762939, -0.0457764, -0.0152588, 21.7514, 92213.3
14093, 0.00502441, 0.000410156, 0.00246094, 0.000820312, 0.139444, 0.156569, 9.80266, -0.0915527, 0, 0.0152588, 21.7491, 92213.8
14103, 0, 0, -0.000410156, 0, 0.129658, 0.161461, 9.78554, -0.0610352, -0.0457764, 0, 21.7452, 92213.8
14123, 0.00164062, 0, 0.00164062, 0.000410156, 0.14189, 0.14189, 9.80266, -0.0762939, -0.0762939, 0.0305176, 21.7444, 92213.3
14133, 0.00164062, 0.00328125, 0.000820312, 0.00246094, 0.134551, 0.161461, 9.81734, 0, 0, 0.0152588, 21.747, 92213.4
14143, 0.00328125, 0.00328125, 0.000410156, 0.00246094, 0.127212, 0.146783, 9.79532, -0.0305176, 0.0152588, 0.0457764, 21.7493, 92213.7
14153, 0.00205078, 0.00123047, 0.00123047, 0.00287109, 0.124766, 0.144337, 9.80266, -0.0915527, 0.0152588, 0, 21.7378, 92213.5
14163, 0.00164062, -0.000820312, 0.00123047, 0.00410156, 0.119873, 0.156569, 9.78798, 0.0305176, 0, 0, 21.7507, 92213.8
14173, 0.00164062, 0, 0.000410156, 0.00287109, 0.139444, 0.14189, 9.79043, -0.0152588, 0.0152588, 0.0305176, 21.7528, 92213.9
14183, 0.00164062, 0, 0.000820312, 0.00328125, 0.119873, 0.161461, 9.80021, -0.0305176, 0.0305176, 0.0457764, 21.7538, 92213.7
14193, 0.000410156, 0, 0.00123047, 0.00328125, 0.110087, 0.168801, 9.76841, -0.0915527, 0, 0, 21.7525, 92213.7
14213, 0.00287109, 0.00123047, 0.00205078, 0.000410156, 0.105195, 0.168801, 9.80021, -0.0457764, 0.0305176, 0.0610352, 21.7499, 92213.4
14223, 0.000410156, 0.000410156, 0.00246094, 0.00287109, 0.102748, 0.166354, 9.79288, -0.0152588, 0.0457764, 0.0762939, 21.7493, 92213
14233, 0.000410156, -0.000410156, 0.00328125, 0.00123047, 0.095409, 0.173693, 9.80021, -0.0152588, -0.0305176, 0.0305176, 21.7509, 92213.1
14243, 0.00123047, -0.000410156, 0.00123047, 0.00123047, 0.0880698, 0.156569, 9.79777, -0.0305176, -0.0457764, 0.12207, 21.7527, 92213.2
14253, 0.00123047, 0.000410156, 0, 0.00287109, 0.100302, 0.17614, 9.78798, -0.0610352, 0.0610352, 0.0152588, 21.7551, 92213.6
14263, 0.00410156, 0.00164062, 0, 0.00123047, 0.107641, 0.154122, 9.80511, -0.0762939, -0.0305176, -0.0457764, 21.7477, 92213.7
14273, 0.000820312, 0.00287109, 0.00164062, 0.00123047, 0.100302, 0.154122, 9.79777, -0.0152588, -0.0762939, -0.0152588, 21.7398, 92214.1
14293, 0.00328125, -0.00205078, -0.000410156, 0.00164062, 0.129658, 0.173693, 9.79288, -0.0457764, -0.0762939, 0, 21.7571, 92213.4
14303, 0.00164062, 0.000820312, -0.000820312, 0.00164062, 0.139444, 0.14189, 9.79777, -0.0762939, 0.0610352, -0.0762939, 21.7458, 92213.1
14313, -0.000410156, -0.000820312, -0.000410156, 0.000820312, 0.146783, 0.156569, 9.80511, 0, 0.0610352, 0.0610352, 21.7595, 92213.7
14323, 0.00164062, -0.000410156, -0.000410156, 0.00164062, 0.132105, 0.171247, 9.79288, -0.0610352, 0.0457764, 0.0305176, 21.7518, 92213.5
14333, 0.00246094, 0, 0, 0, 0.159015, 0.159015, 9.81489, -0.106812, 0.12207, 0.0457764, 21.7594, 92213.7
14343, 0.00246094, 0.00328125, 0.00287109, 0.00287109, 0.119873, 0.168801, 9.80755, -0.0610352, 0.0610352, 0.0762939, 21.7538, 92213.3
14353, 0.000820312, 0.00328125, 0.000410156, 0.00287109, 0.124766, 0.166354, 9.77575, -0.0457764, 0, 0.0305176, 21.7493, 92213.6
14363, 0.00164062, 0.000410156, -0.00123047, 0.00246094, 0.112534, 0.156569, 9.80266, -0.0152588, 0.0610352, 0.0457764, 21.7534, 92213
14383, 0.00369141, -0.00123047, 0.000820312, 0.000820312, 0.122319, 0.168801, 9.80755, -0.0915527, 0.0305176, 0.0305176, 21.7523, 92213.3
14393, 0.00369141, -0.000410156, 0.000820312, 0.00369141, 0.110087, 0.14189, 9.80511, -0.0762939, 0.0305176, -0.0152588, 21.754, 92213.2
14403, -0.00123047, -0.000410156, 0, 0.00369141, 0.110087, 0.17614, 9.78554, -0.106812, 0, 0.0152588, 21.7524, 92213.8
14413, -0.000410156, 0.00123047, 0.000410156, 0.00205078, 0.110087, 0.183479, 9.78064, -0.0915527, 0.0610352, 0.0152588, 21.7602, 92213.8
14423, 0.00287109, 0.00246094, 0.000410156, 0.000410156, 0.11498, 0.171247, 9.79288, 0.0762939, 0.0610352, 0.0305176, 21.7547, 92213.2
14433, 0.000410156, -0.00164062, 0.00123047, 0.00246094, 0.132105, 0.154122, 9.78554, -0.0610352, -0.0762939, 0.0305176, 21.7389, 92213.2
14443, 0.000410156, 0.000820312, 0.00123047, 0.000410156, 0.132105, 0.17614, 9.78798, -0.0152588, -0.0457764, 0.0762939, 21.7608, 92213.6
14463, -0.000820312, 0.000410156, 0.000820312, 0.00164062, 0.127212, 0.163908, 9.79043, -0.0610352, 0, 0, 21.7551, 92213.5
14473, 0.00410156, -0.00123047, 0.000820312, -0.00123047, 0.117426, 0.159015, 9.79532, -0.0915527, -0.0457764, -0.0152588, 21.7495, 92212.8
14483, 0, 0.00123047, 0.00287109, 0.00328125, 0.134551, 0.168801, 9.79777, 0, 0, 0.0152588, 21.7551, 92212.7
14493, 0, 0.00123047, 0.00123047, 0.00164062, 0.122319, 0.139444, 9.81734, -0.0610352, -0.0457764, 0.0762939, 21.7506, 92213.2
14503, 0.00246094, 0.00123047, 0.00123047, 0.00164062, 0.124766, 0.14189, 9.80021, -0.0610352, -0.0762939, 0.0305176, 21.7576, 92213.4
14513, 0.000820312, 0.00164062, 0.000410156, 0.00205078, 0.136998, 0.156569, 9.80266, -0.0915527, -0.0457764, 0.0152588, 21.7618, 92213.3
14523, 0.00246094, 0.000410156, 0.00205078, 0.00246094, 0.129658, 0.161461, 9.78309, -0.0762939, 0.0152588, -0.0305176, 21.756, 92213.3
14533, 0.00246094, 0.00123047, 0.00205078, 0.00205078, 0.134551, 0.146783, 9.79532, -0.0610352, 0.0152588, 0.0610352, 21.7536, 92213.2
14553, 0.00246094, 0.000820312, -0.000410156, 0.00164062, 0.129658, 0.173693, 9.79532, -0.0305176, 0, 0.0152588, 21.7573, 92213.6
14563, 0.00205078, 0.00205078, 0.000410156, 0.00164062, 0.124766, 0.178586, 9.77086, -0.0610352, 0.0305176, 0.0610352, 21.7605, 92212.7
14573, 0.00205078, 0.00205078, 0, 0.000820312, 0.119873, 0.181032, 9.78554, -0.0610352, -0.0457764, 0.0305176, 21.7563, 92213.7
14583, 0.00369141, 0.00246094, 0, 0.00164062, 0.122319, 0.166354, 9.80755, -0.0762939, -0.0457764, 0.0305176, 21.7621, 92213.5
14593, 0.000820312, 0.00246094, 0.00205078, 0.00164062, 0.119873, 0.159015, 9.80266, -0.0915527, 0.0305176, -0.0152588, 21.7545, 92212.8
14603, 0.000820312, 0, 0.00164062, 0.00246094, 0.107641, 0.168801, 9.80021, -0.0915527, -0.0457764, 0.0305176, 21.7593, 92213.3
14613, 0.00205078, 0, -0.00123047, 0.00246094, 0.124766, 0.166354, 9.79777, -0.0152588, 0, 0.0457764, 21.7574, 92213.5
14633, 0.00123047, 0, 0.000820312, -0.000410156, 0.11498, 0.159015, 9.79288, -0.12207, 0.0457764, 0, 21.7433, 92212.8
14643, 0.00287109, 0, -0.000820312, 0.00246094, 0.129658, 0.149229, 9.79777, -0.0610352, 0.0915527, -0.0305176, 21.7609, 92212.9
14653, 0.00287109, 0.000410156, 0.00205078, 0.000410156, 0.134551, 0.154122, 9.80021, -0.0610352, -0.0152588, 0, 21.747, 92213
14663, 0, 0.000410156, -0.000410156, 0.000410156, 0.129658, 0.163908, 9.79043, -0.0762939, 0.0610352, 0.0457764, 21.7618, 92212.9
14673, 0.00205078, 0.00123047, 0.000410156, 0.00205078, 0.127212, 0.156569, 9.81, -0.0762939, 0, 0.0152588, 21.7538, 92212.9
14683, 0.00328125, -0.000410156, 0.000410156, 0.000820312, 0.127212, 0.156569, 9.80755, -0.0762939, 0, -0.0457764, 21.7489, 92213.3
14693, 0.00123047, -0.00123047, 0.00164062, 0.000410156, 0.122319, 0.161461, 9.79043, -0.0915527, 0.0762939, -0.0305176, 21.7556, 92213.4
14703, 0.00164062, 0.000820312, 0.00123047, 0.000410156, 0.11498, 0.161461, 9.78064, -0.0915527, 0, -0.0152588, 21.7689, 92213.1
14723, 0.00164062, 0.00205078, 0.000820312, 0.00123047, 0.146783, 0.146783, 9.79777, -0.0762939, 0, -0.0152588, 21.7571, 92213
14733, 0.00205078, 0.00205078, 0.000820312, 0.00369141, 0.127212, 0.159015, 9.78309, -0.0762939, -0.0152588, 0.0610352, 21.7701, 92213.4
14743, 0.00164062, 0.000820312, 0.000820312, 0.00123047, 0.132105, 0.171247, 9.7733, -0.0610352, 0, 0.0152588, 21.7621, 92213.5
14753, 0.00287109, -0.000820312, 0.00123047, 0, 0.117426, 0.17614, 9.79043, -0.0762939, 0.0457764, 0.0762939, 21.7479, 92213.3
14763, 0.00287109, -0.000820312, 0.00164062, 0.00123047, 0.110087, 0.159015, 9.78309, -0.0610352, -0.0457764, 0.0305176, 21.7542, 92212.9
14773, 0.00123047, 0.00205078, -0.00123047, 0.00123047, 0.124766, 0.146783, 9.79532, -0.0610352, -0.0152588, -0.0610352, 21.7659, 92213
14783, 0.00205078, 0.000410156, -0.000820312, 0.00205078, 0.11498, 0.161461, 9.80266, -0.0305176, -0.0305176, 0.0457764, 21.7547, 92212.8
14803, 0.00369141, 0.000410156, -0.000820312, 0.000410156, 0.122319, 0.156569, 9.82223, 0, 0, 0.0762939, 21.7518, 92213.3
14813, 0.00369141, 0.00164062, 0, 0.00123047, 0.11498, 0.151676, 9.80021, -0.0762939, 0.0610352, 0.0457764, 21.7375, 92213.1
14823, 0.00246094, 0.00164062, 0.00287109, 0.00123047, 0.117426, 0.146783, 9.68768, 0.0152588, 0.0457764, -0.0305176, 21.7593, 92213.2
14833, 0.00410156, 0.00205078, -0.000410156, 0.000410156, 0.129658, 0.161461, 9.80266, 0.0305176, -0.0152588, -0.0152588, 21.7686, 92213.8
14843, 0.000410156, 0.00164062, -0.000410156, 0.00164062, 0.127212, 0.163908, 9.90296, 0, -0.0457764, 0.0152588, 21.7598, 92213
14853, 0.000410156, -0.000820312, -0.000820312, 0, 0.117426, 0.159015, 9.79532, -0.12207, 0.0152588, 0.0305176, 21.762, 92213.1
14863, 0.000410156, -0.000410156, 0.00287109, -0.000410156, 0.122319, 0.151676, 9.7415, -0.0610352, 0, 0.0610352, 21.751, 92213
14873, 0.00123047, -0.000410156, 0.00164062, -0.000410156, 0.127212, 0.119873, 9.78064, -0.0915527, 0, -0.0305176, 21.7623, 92213.9
14893, 0.00328125, 0.00164062, 0.00164062, 0.00164062, 0.11498, 0.146783, 9.83202, -0.12207, -0.0305176, 0, 21.7453, 92212.8
14903, 0.000410156, -0.00123047, -0.000410156, 0.00287109, 0.105195, 0.129658, 9.75373, -0.137329, -0.0305176, -0.0915527, 21.7512, 92212.7
14913, -0.000410156, 0.00123047, 0.000410156, 0.00205078, 0.129658, 0.156569, 9.76597, -0.0762939, 0.0152588, -0.0610352, 21.7573, 92212.7
14923, -0.000410156, 0.00123047, 0.00123047, 0.00205078, 0.149229, 0.156569, 9.81, -0.106812, 0.0762939, 0.0305176, 21.7435, 92213.3
14933, 0, -0.000820312, -0.00287109, 0.00410156, 0.132105, 0.173693, 9.81245, -0.152588, -0.0305176, 0.0152588, 21.7527, 92213.2
14943, 0.00246094, 0.00328125, -0.00287109, 0, 0.124766, 0.188372, 9.79532, -0.0610352, 0.0152588, 0.0915527, 21.7618, 92213.3
14953, 0.00246094, 0.000820312, 0.00123047, 0.00205078, 0.14189, 0.195711, 9.7415, -0.0762939, 0, 0.0762939, 21.7604, 92212.8
14973, 0.00369141, 0.00287109, 0, 0.00205078, 0.124766, 0.163908, 9.8467, 0.0152588, 0.0457764, 0.0610352, 21.7562, 92213
14983, 0.00287109, 0.00164062, 0, 0.00205078, 0.122319, 0.146783, 9.79777, -0.0915527, 0.0915527, 0.0762939, 21.7549, 92213.3
14993, 0.00246094, 0.00246094, 0, 0.00164062, 0.107641, 0.149229, 9.74884, -0.183105, 0.0457764, 0.12207, 21.7645, 92214.2
15003, 0.00287109, -0.000820312, 0, -0.00164062, 0.107641, 0.149229, 9.76352, -0.0305176, 0.0457764, 0.0915527, 21.757, 92213.1
15013, 0.00246094, -0.000820312, 0.00123047, 0.000410156, 0.117426, 0.154122, 9.83691, -0.0152588, 0.0152588, 0.0305176, 21.7532, 92212.9
15023, 0.00246094, 0.000820312, 0.00123047, 0, 0.11498, 0.14189, 9.82712, -0.0457764, 0, 0.0305176, 21.7615, 92212.5
15033, 0.00123047, 0.000820312, -0.000820312, 0, 0.122319, 0.139444, 9.76352, -0.0762939, -0.0610352, 0.0305176, 21.7615, 92213.5
15043, 0.00410156, 0, 0.00205078, 0.00246094, 0.122319, 0.166354, 9.78064, -0.0152588, 0, -0.0610352, 21.7656, 92212.6
15063, 0.000820312, 0.00123047, 0.000410156, 0.00328125, 0.127212, 0.161461, 9.80755, -0.12207, 0, 0.0152588, 21.7596, 92213.1
15073, 0.000820312, 0.000820312, 0.000410156, 0.000410156, 0.136998, 0.178586, 9.79288, -0.0915527, -0.0152588, 0.0305176, 21.7613, 92212.9
15083, 0.000410156, 0.000820312, 0.00164062, 0.000410156, 0.134551, 0.173693, 9.76841, -0.0762939, 0.0305176, 0.0457764, 21.7712, 92213.1
15093, 0.00205078, -0.00164062, 0.000820312, 0.00123047, 0.136998, 0.183479, 9.82957, -0.0152588, 0, 0.0305176, 21.7579, 92213.4
15103, 0, 0.00123047, 0.000820312, 0.000410156, 0.100302, 0.168801, 9.80511, -0.106812, -0.0457764, 0.0305176, 21.7676, 92213
15113, 0.00246094, -0.000820312, 0.00451172, 0.00205078, 0.110087, 0.154122, 9.80266, -0.0915527, 0.0305176, 0.0457764, 21.7566, 92212.9
15123, 0.00287109, -0.000410156, 0, 0, 0.100302, 0.144337, 9.79288, -0.152588, -0.0152588, 0.0152588, 21.7663, 92213.5
15143, 0.00287109, 0.000410156, 0, 0.00205078, 0.119873, 0.146783, 9.79288, -0.0305176, 0.0915527, 0.0152588, 21.7518, 92213.4
15153, 0.00369141, 0.00205078, 0, -0.000410156, 0.102748, 0.173693, 9.80266, -0.0762939, 0.0305176, 0.0152588, 21.751, 92213
15163, 0.00205078, 0.000820312, 0.00123047, 0.00287109, 0.122319, 0.151676, 9.78554, -0.106812, 0, 0, 21.7528, 92213.5
15173, 0.00287109, 0.000410156, 0.000820312, 0.000410156, 0.14189, 0.161461, 9.78554, -0.106812, 0.0915527, 0.0152588, 21.7561, 92213.1
15183, 0.00287109, 0.000410156, -0.000820312, 0.00328125, 0.136998, 0.154122, 9.80755, -0.0915527, 0, -0.0915527, 21.76, 92213.6
15193, 0.000410156, 0.00123047, -0.000410156, 0.00328125, 0.136998, 0.171247, 9.79288, -0.0762939, -0.0762939, 0, 21.7652, 92213.2
15203, 0.00410156, 0.000410156, 0, 0.00246094, 0.14189, 0.183479, 9.75618, -0.0457764, -0.0915527, 0.0152588, 21.7623, 92212.4
15213, 0.00123047, 0.00328125, 0, 0.00123047, 0.136998, 0.146783, 9.79288, -0.0305176, 0.0305176, -0.0152588, 21.7639, 92213.2
15233, 0.00205078, 0.00123047, 0.000820312, 0.00328125, 0.127212, 0.149229, 9.79777, 0, 0, 0, 21.7666, 92213.5
15243, 0.000410156, 0.00123047, 0.00205078, 0.00328125, 0.129658, 0.151676, 9.78798, -0.12207, 0, 0.0305176, 21.7704, 92213.4
15253, 0.00205078, 0, -0.000410156, 0.00164062, 0.11498, 0.149229, 9.79777, -0.0457764, -0.0152588, 0.0915527, 21.7625, 92212.9
15263, 0.00205078, 0, -0.000410156, 0.00287109, 0.107641, 0.154122, 9.81734, -0.0610352, -0.0762939, 0.0305176, 21.7704, 92213.5
15273, 0.000820312, 0.00328125, -0.000820312, 0.00205078, 0.144337, 0.151676, 9.7782, -0.0457764, 0, 0, 21.7542, 92212.9
15283, 0.000820312, -0.00123047, 0.00246094, 0.00123047, 0.127212, 0.178586, 9.78309, 0, -0.0762939, 0.0915527, 21.766, 92213.8
15293, 0.00123047, -0.00123047, 0.00123047, 0.00123047, 0.11498, 0.183479, 9.79288, -0.0915527, 0.0305176, 0.0762939, 21.7612, 92213.3
15303, 0.00205078, -0.000820312, 0.00246094, 0.00287109, 0.110087, 0.163908, 9.79043, 0, 0, 0.0152588, 21.7581, 92212.7
15323, 0.00164062, 0, 0.000410156, 0.00205078, 0.100302, 0.159015, 9.79532, -0.0610352, 0.0457764, 0.0457764, 21.7647, 92213.9
15333, 0, 0.000410156, 0.00164062, 0.00164062, 0.105195, 0.151676, 9.79777, -0.0610352, 0, 0.0152588, 21.7668, 92213
15343, 0, 0.000410156, 0.00164062, 0.00164062, 0.102748, 0.159015, 9.78064, -0.12207, -0.0610352, 0.0152588, 21.7674, 92214
15353, 0, 0.000820312, 0, 0.00205078, 0.122319, 0.171247, 9.78309, 0.0152588, 0.0152588, 0.0152588, 21.7616, 92213.4
15363, 0.00164062, 0.00205078, 0, -0.000410156, 0.127212, 0.154122, 9.81245, -0.0457764, -0.0457764, 0, 21.7653, 92213.4
15373, 0.00410156, -0.00123047, -0.000410156, 0.00164062, 0.14189, 0.149229, 9.79043, -0.0762939, 0, -0.0457764, 21.7793, 92213
15383, 0.000410156, 0.00328125, 0.00287109, 0.00451172, 0.139444, 0.159015, 9.79288, -0.0152588, -0.0305176, 0, 21.7718, 92212.9
15403, 0.00205078, 0.000410156, -0.000410156, 0.00205078, 0.146783, 0.168801, 9.79532, -0.0915527, -0.0152588, 0.0762939, 21.769, 92212.8
15413, 0.00246094, 0.00123047, 0.000410156, 0.00287109, 0.124766, 0.146783, 9.80021, -0.106812, -0.0152588, -0.0305176, 21.7636, 92213.5
15423, 0.00369141, 0.000820312, 0.000410156, 0.00205078, 0.11498, 0.168801, 9.7733, -0.106812, 0, 0.0305176, 21.7713, 92213.3
15433, 0.000820312, 0.000820312, 0.000410156, 0.00164062, 0.102748, 0.156569, 9.7782, -0.0762939, 0.0152588, 0.0457764, 21.768, 92212.7
15443, 0.000820312, 0.000820312, 0.000410156, 0.00164062, 0.105195, 0.156569, 9.82223, -0.0915527, -0.0305176, 0, 21.7767, 92213
15453, 0.00246094, 0, 0, 0.00164062, 0.122319, 0.154122, 9.78554, -0.0305176, -0.0610352, 0.0305176, 21.7664, 92213.1
15463, -0.00123047, 0, 0.00287109, 0.00451172, 0.105195, 0.168801, 9.80511, -0.0610352, 0.0152588, -0.0152588, 21.7695, 92212.8
15473, -0.000410156, 0.000410156, 0.00287109, 0.00287109, 0.127212, 0.163908, 9.77575, -0.12207, 0.0610352, -0.0152588, 21.7685, 92213
15493, 0.000820312, -0.000820312, 0, 0.000410156, 0.11498, 0.166354, 9.81734, -0.0610352, 0.0610352, 0.0305176, 21.7707, 92213.4
15503, 0.000820312, -0.000820312, -0.000410156, 0.000410156, 0.122319, 0.168801, 9.78798, -0.0915527, 0.0305176, 0.0152588, 21.7721, 92213.2
15513, 0.00164062, -0.000410156, 0.000820312, 0.00246094, 0.144337, 0.151676, 9.78798, -0.0457764, 0.0457764, 0.0305176, 21.7692, 92212.8
15523, 0.00287109, 0, 0.000820312, 0, 0.129658, 0.151676, 9.80755, -0.0915527, 0.0152588, -0.0305176, 21.7576, 92213.2
15533, 0.000410156, -0.000820312, -0.000820312, 0.000410156, 0.11498, 0.166354, 9.78798, -0.0457764, 0.0762939, 0.0915527, 21.7657, 92213.1
15543, 0.000410156, 0.00205078, 0.000820312, 0.000820312, 0.132105, 0.154122, 9.78064, -0.106812, -0.0152588, 0.0457764, 21.7781, 92213.7
15553, 0.000410156, 0.00205078, 0.00287109, 0.000820312, 0.129658, 0.136998, 9.79288, -0.137329, 0.0457764, 0.0457764, 21.7747, 92213.2
15573, 0.00123047, 0.000820312, -0.000410156, 0.00205078, 0.127212, 0.149229, 9.81489, -0.0305176, 0.0152588, -0.0457764, 21.7626, 92213.3
15583, 0.00328125, 0, 0.00164062, 0.00246094, 0.127212, 0.161461, 9.80021, -0.137329, 0.0762939, 0.0305176, 21.7725, 92213.6
15593, 0.00287109, 0.000410156, 0.000820312, 0.00164062, 0.112534, 0.161461, 9.78798, -0.0152588, -0.0457764, 0.0305176, 21.7689, 92213.2
15603, 0.00287109, 0.000410156, 0.00164062, 0.00164062, 0.134551, 0.166354, 9.80511, -0.0457764, 0.0152588, 0.0305176, 21.7822, 92213.7
15613, 0.000820312, 0.000820312, -0.00123047, 0.00164062, 0.117426, 0.161461, 9.81489, -0.0762939, 0.0457764, 0.0152588, 21.7682, 92213.2
15623, 0.00205078, 0.00123047, -0.00246094, 0.00164062, 0.100302, 0.156569, 9.78798, -0.0610352, 0.0152588, 0.0457764, 21.7714, 92213.8
15633, 0.000410156, 0.00246094, -0.00246094, -0.00123047, 0.119873, 0.159015, 9.78554, -0.12207, -0.0152588, 0.0305176, 21.7726, 92213.8
15643, 0, 0.000410156, 0.000820312, 0.00164062, 0.11498, 0.159015, 9.79043, -0.0915527, 0, 0.0457764, 21.7694, 92213
15663, 0.00123047, 0, 0.00287109, 0.00205078, 0.107641, 0.159015, 9.79777, -0.0457764, 0.0457764, 0.0457764, 21.7721, 92213.5
15673, 0.00123047, 0, -0.00123047, 0, 0.127212, 0.163908, 9.80755, -0.0915527, 0.0610352, 0.0457764, 21.7692, 92213.7
15683, 0.00123047, 0.000820312, -0.00123047, 0.00369141, 0.122319, 0.154122, 9.79043, -0.0610352, 0.0152588, 0.0457764, 21.7685, 92213.5
15693, 0.00123047, 0.000410156, -0.000410156, 0.00246094, 0.11498, 0.166354, 9.80266, -0.0915527, 0, 0.0305176, 21.7639, 92213.2
15703, 0.00287109, -0.00164062, -0.000820312, 0.000410156, 0.124766, 0.156569, 9.80511, -0.106812, -0.0457764, 0, 21.7708, 92213.2
15713, 0.00287109, -0.00164062, 0.00123047, 0.000410156, 0.129658, 0.161461, 9.79288, -0.0762939, -0.0305176, 0.0305176, 21.7672, 92213.6
15723, 0.00287109, 0.00164062, 0.000820312, 0.00246094, 0.132105, 0.161461, 9.7782, 0.0152588, 0.0457764, -0.0305176, 21.7691, 92213.6
15743, -0.00164062, -0.000410156, 0.00205078, 0.00164062, 0.117426, 0.146783, 9.79532, -0.12207, 0.0152588, 0.0305176, 21.7746, 92213.2
15753, 0.00123047, 0.00246094, 0.000820312, 0.00164062, 0.11498, 0.154122, 9.80021, 0.0152588, 0.0762939, -0.0152588, 21.7627, 92213.5
15763, 0.00123047, 0.00246094, 0.00287109, 0.00164062, 0.144337, 0.14189, 9.79532, -0.0610352, -0.0457764, -0.0305176, 21.7712, 92213.8
15773, 0.00123047, -0.000410156, 0.00123047, 0.00287109, 0.14189, 0.166354, 9.80511, -0.0610352, 0, 0.0457764, 21.7899, 92213.6
15783, 0.00287109, 0.000820312, 0.00123047, -0.00164062, 0.134551, 0.156569, 9.79777, -0.0610352, -0.0457764, 0.0152588, 21.7729, 92213.3
15793, -0.000410156, 0.000820312, -0.000410156, 0.00123047, 0.134551, 0.166354, 9.78554, -0.0152588, -0.0305176, 0.0305176, 21.7786, 92212.9
15803, 0.000820312, 0.000820312, 0.00164062, 0.00246094, 0.144337, 0.14189, 9.79288, -0.0762939, -0.0305176, 0.106812, 21.781, 92213.3
15813, 0.000820312, 0.000820312, -0.000820312, 0.00205078, 0.144337, 0.154122, 9.78309, -0.0915527, -0.0152588, 0.0610352, 21.771, 92213.3
15833, 0.00451172, -0.00123047, -0.000410156, 0.00287109, 0.107641, 0.178586, 9.80755, -0.0762939, 0, 0.0762939, 21.7686, 92213.3
15843, 0.00246094, 0.00287109, -0.000410156, 0.00246094, 0.102748, 0.154122, 9.80755, -0.0152588, 0, 0.106812, 21.772, 92213.5
15853, 0.00328125, 0.00205078, 0.000410156, 0.00164062, 0.110087, 0.159015, 9.81, -0.0610352, -0.0152588, -0.0305176, 21.7771, 92213.1
15863, 0.00328125, 0.00205078, 0.00328125, 0.00164062, 0.095409, 0.146783, 9.80511, -0.0457764, -0.0610352, 0.0457764, 21.7807, 92212.9
15873, 0.00164062, 0.000820312, 0.000820312, 0.00164062, 0.100302, 0.144337, 9.79288, -0.106812, 0.0457764, 0.0305176, 21.7892, 92213.9
15883, 0.00205078, 0, 0.000410156, 0.000820312, 0.107641, 0.151676, 9.79532, -0.0915527, 0.0915527, 0, 21.7734, 92213.5
15893, 0.00287109, -0.000820312, 0.000410156, 0.00123047, 0.124766, 0.144337, 9.78554, -0.0762939, 0.0457764, 0.0457764, 21.7868, 92213.5
15913, 0.00369141, 0.00246094, 0.00328125, 0.00287109, 0.144337, 0.161461, 9.79532, -0.0610352, -0.0305176, 0.0457764, 21.7782, 92213.6
15923, 0.00369141, 0.00246094, -0.000410156, 0.00287109, 0.151676, 0.178586, 9.79532, -0.0152588, -0.0152588, 0.12207, 21.7763, 92213.4
15933, 0.000410156, 0.00164062, -0.000410156, 0.00164062, 0.139444, 0.163908, 9.79288, 0.0152588, -0.0152588, 0.0610352, 21.7747, 92213.1
15943, 0.00502441, -0.00123047, -0.000410156, 0.00328125, 0.146783, 0.166354, 9.79532, -0.0305176, 0.0152588, -0.0152588, 21.7688, 92213.5
15953, 0.00287109, -0.00205078, 0.00123047, 0.00164062, 0.124766, 0.154122, 9.78798, -0.0305176, -0.0610352, 0.106812, 21.7697, 92213.4
15963, 0.00328125, 0.00246094, 0.00205078, 0.000820312, 0.124766, 0.149229, 9.80755, -0.0305176, -0.0152588, 0.0305176, 21.7725, 92213.3
15973, 0.00328125, 0.00246094, 0.00246094, 0.000820312, 0.110087, 0.136998, 9.79288, -0.0305176, 0, 0, 21.7714, 92213.4
15983, 0.000410156, 0.000410156, 0.00287109, 0.00164062, 0.100302, 0.139444, 9.79043, -0.0762939, 0.0762939, -0.0152588, 21.7675, 92213.9
16003, 0.00369141, 0.00287109, 0.00164062, 0.00369141, 0.112534, 0.149229, 9.81979, -0.12207, 0.0305176, 0.0152588, 21.7749, 92213
16013, 0.00205078, 0.000410156, 0.00123047, 0.00287109, 0.139444, 0.156569, 9.81, -0.0457764, -0.0457764, 0.0457764, 21.7802, 92213.6
16023, 0.00205078, 0.000410156, -0.00246094, 0.00164062, 0.129658, 0.171247, 9.80266, -0.0915527, 0.0152588, 0.0762939, 21.7824, 92213.6
16033, 0.00164062, -0.00164062, -0.000820312, 0.00164062, 0.14189, 0.168801, 9.78309, -0.137329, -0.0152588, -0.0457764, 21.7807, 92213.5
16043, 0.00369141, 0, 0.000410156, 0.00287109, 0.127212, 0.166354, 9.78554, 0, -0.0152588, 0.0305176, 21.772, 92214
16053, 0.00369141, 0, 0.000410156, 0.000820312, 0.117426, 0.149229, 9.80755, -0.106812, 0.106812, 0.0610352, 21.7683, 92213.5
16063, 0.00123047, 0, 0.000820312, 0.000820312, 0.107641, 0.149229, 9.79532, -0.106812, 0, 0.0152588, 21.7642, 92213.3
16083, 0.00287109, 0, 0.000410156, 0.00246094, 0.112534, 0.151676, 9.78554, -0.0610352, -0.0152588, 0.0152588, 21.7834, 92213.4
16093, 0.00205078, 0.000820312, 0.000820312, -0.00164062, 0.129658, 0.156569, 9.81, -0.0762939, 0.0610352, -0.0457764, 21.7877, 92213.5
16103, 0.00287109, -0.000410156, 0.000820312, 0.00328125, 0.136998, 0.159015, 9.80755, -0.0457764, 0.0610352, 0.0305176, 21.7725, 92212.9
16113, 0.000410156, 0.000820312, 0.00287109, 0.00287109, 0.14189, 0.149229, 9.81245, -0.106812, 0.0610352, 0.0457764, 21.7718, 92213.8
16123, 0.00246094, 0.000820312, 0.00164062, 0.00287109, 0.134551, 0.159015, 9.79043, 0, -0.0305176, 0.0457764, 21.7889, 92213.3
16133, 0.00246094, 0.000820312, -0.000410156, 0.00287109, 0.134551, 0.14189, 9.78064, -0.0762939, -0.0610352, 0.0305176, 21.7776, 92213.9
16143, 0.00164062, 0, 0.00205078, 0.00123047, 0.122319, 0.166354, 9.78798, -0.0305176, 0, 0.0305176, 21.78, 92213.5
16153, 0.00164062, 0.00123047, 0.00205078, 0.00164062, 0.124766, 0.151676, 9.79288, -0.106812, 0, 0.0610352, 21.7742, 92213.2
16173, 0.00123047, 0.00164062, 0.00164062, 0.000820312, 0.110087, 0.154122, 9.82223, -0.0152588, -0.0305176, 0.0457764, 21.7861, 92213.5
16183, 0.00123047, 0.00164062, 0.00164062, 0.000820312, 0.110087, 0.161461, 9.79288, -0.0610352, -0.0762939, 0.0305176, 21.7751, 92213
16193, 0.00451172, -0.00164062, 0.000410156, 0.00543457, 0.11498, 0.159015, 9.80511, -0.167847, 0.0610352, 0.0610352, 21.7732, 92213.5
16203, 0.00123047, 0.00164062, 0.000410156, 0.00123047, 0.112534, 0.151676, 9.78064, -0.0915527, 0.0152588, 0.0152588, 21.7809, 92212.6
16213, 0.00164062, -0.000820312, 0.00123047, 0.00328125, 0.129658, 0.144337, 9.79288, -0.0610352, -0.0457764, -0.0305176, 21.7793, 92213.5
16223, 0.00205078, 0.000820312, -0.000410156, 0.00287109, 0.136998, 0.163908, 9.80266, -0.0305176, -0.0457764, 0, 21.7747, 92213.3
16233, 0.00205078, 0.000820312, -0.00123047, 0.00287109, 0.124766, 0.166354, 9.80755, -0.137329, 0.0457764, 0.0610352, 21.7721, 92213.9
16253, 0.000410156, 0.00164062, 0.000410156, 0.000820312, 0.129658, 0.146783, 9.77575, 0.0457764, -0.0305176, -0.0762939, 21.7803, 92213.5
16263, 0.00369141, 0.000820312, 0.000410156, 0.00123047, 0.144337, 0.156569, 9.79777, 0.0457764, 0.0152588, 0.0305176, 21.7786, 92214.2
16273, 0.00287109, 0.000410156, 0, 0.00328125, 0.129658, 0.166354, 9.81489, -0.0457764, 0, 0.0915527, 21.7774, 92213.3
16283, 0.00287109, 0.000410156, 0.00205078, 0.00164062, 0.14189, 0.159015, 9.78064, -0.0762939, -0.0762939, 0.0457764, 21.7658, 92213.2
16293, 0.00328125, 0.00123047, 0.00123047, 0.00164062, 0.139444, 0.154122, 9.80266, -0.0152588, 0.0152588, 0.0152588, 21.7682, 92213
16303, 0.00410156, -0.000820312, 0.000820312, 0.00123047, 0.139444, 0.139444, 9.77086, -0.0457764, -0.0305176, 0.0457764, 21.78, 92213.4
16313, 0.00410156, 0.00123047, 0.000820312, 0.00328125, 0.119873, 0.134551, 9.79043, -0.0762939, 0.0152588, 0.0305176, 21.7727, 92213.4
16323, 0.00123047, -0.00123047, 0.00205078, 0.00287109, 0.127212, 0.154122, 9.7782, -0.0457764, 0.0152588, 0.0610352, 21.7769, 92213.5
16343, 0.00164062, 0.00123047, 0, 0.00287109, 0.11498, 0.154122, 9.80021, -0.0610352, 0.0610352, 0.0305176, 21.7727, 92213.5
16353, 0.00287109, 0.00164062, 0.00205078, 0.00205078, 0.110087, 0.168801, 9.79532, -0.0610352, -0.0457764, 0.0915527, 21.7683, 92213.2
16363, 0.00164062, 0.00287109, 0.00205078, 0.00246094, 0.0978554, 0.151676, 9.79043, -0.0915527, -0.0152588, 0.0610352, 21.7747, 92213
16373, 0, 0.00205078, -0.00205078, 0.00205078, 0.102748, 0.17614, 9.79532, -0.0762939, 0.0305176, 0.0762939, 21.7732, 92212.9
16383, 0.00287109, 0.000820312, -0.000410156, 0.00164062, 0.136998, 0.185925, 9.70481, 0.0152588, 0.0457764, -0.0152588, 21.7653, 92213.1
16393, 0.00287109, 0.000820312, -0.000820312, 0.00164062, 0.139444, 0.188372, 9.81, -0.0152588, -0.0305176, 0.0305176, 21.7684, 92213.8
16403, 0.00205078, -0.000410156, 0.000410156, 0.00246094, 0.139444, 0.166354, 9.947, 0.0305176, 0.0457764, 0.0305176, 21.783, 92213.3
16423, 0.00123047, 0, 0.00287109, 0.00205078, 0.0978554, 0.132105, 9.75863, -0.0457764, -0.0152588, 0.0610352, 21.7749, 92213.5
16433, 0.00369141, -0.000410156, 0.00205078, 0.00369141, 0.102748, 0.129658, 9.74639, -0.0457764, 0.0152588, 0.0305176, 21.7863, 92212.9
16443, 0.00369141, -0.000410156, 0.000410156, -0.000410156, 0.110087, 0.112534, 9.8467, -0.0915527, 0.0915527, -0.0152588, 21.7834, 92213.1
16453, 0.00164062, 0.00123047, 0.00205078, -0.000410156, 0.119873, 0.132105, 9.82223, -0.12207, -0.0610352, -0.0152588, 21.7778, 92214.1
16463, 0.00123047, 0.00123047, 0.00164062, 0, 0.144337, 0.151676, 9.72193, -0.152588, -0.0152588, -0.0457764, 21.7746, 92213.1
16473, 0.000410156, -0.00205078, 0.00164062, 0.000410156, 0.173693, 0.181032, 9.76107, -0.0762939, -0.12207, 0.0610352, 21.7751, 92213.8
16483, 0.00164062, 0.00205078, 0.00123047, 0.00246094, 0.166354, 0.190818, 9.80755, -0.106812, 0.0305176, 0.0152588, 21.7741, 92213.6
16493, 0.00205078, 0.00205078, 0.000410156, 0.00246094, 0.14189, 0.168801, 9.78798, -0.0305176, -0.0305176, 0.106812, 21.7824, 92213.5
16513, 0.00287109, 0.00123047, 0.00246094, 0.00164062, 0.134551, 0.173693, 9.78554, 0.0152588, 0, 0.137329, 21.7841, 92213.3
16523, 0.00328125, 0.00205078, 0.00246094, 0.00246094, 0.100302, 0.132105, 9.80266, -0.0457764, -0.0457764, 0.0762939, 21.7779, 92213.8
16533, 0.00164062, 0.00164062, 0.000410156, 0.000410156, 0.0709451, 0.117426, 9.84914, -0.0152588, 0.0457764, 0.0762939, 21.7746, 92214.3
16543, 0.00164062, 0.00164062, 0.00246094, 0.00123047, 0.0807307, 0.122319, 9.75373, -0.167847, 0.0457764, 0.0457764, 21.783, 92213.7
16553, 0.00164062, 0.000410156, 0.000820312, 0.00123047, 0.0758379, 0.139444, 9.76107, -0.106812, 0.0152588, 0.0152588, 21.7853, 92213.5
16563, 0.00369141, 0.000410156, 0.00287109, 0.00164062, 0.0978554, 0.156569, 9.80021, -0.0457764, 0.0305176, -0.0305176, 21.7817, 92214.1
16573, 0.00451172, 0.00205078, 0.00287109, 0.00246094, 0.122319, 0.168801, 9.80021, -0.0610352, -0.0152588, -0.0457764, 21.7775, 92212.9
16593, 0.00287109, 0, 0, 0.00287109, 0.168801, 0.181032, 9.80266, -0.106812, 0.0305176, 0.0152588, 21.7674, 92213.3
16603, 0.00287109, 0, 0, 0.00287109, 0.159015, 0.181032, 9.78309, -0.0762939, -0.0457764, 0, 21.7812, 92213.9
16613, 0.00123047, 0.00205078, 0.000820312, 0.00287109, 0.139444, 0.166354, 9.80021, -0.0152588, 0, 0.0305176, 21.7799, 92213
16623, 0.00451172, 0.000410156, 0.000820312, -0.000410156, 0.134551, 0.146783, 9.84914, -0.0610352, 0.0762939, 0.0305176, 21.7781, 92213.8
16633, 0.00123047, 0.000820312, 0.000410156, 0.00205078, 0.0905162, 0.134551, 9.78309, -0.0915527, 0.0152588, 0.0457764, 21.7628, 92213.7
16643, 0.00543457, 0.000820312, 0, 0, 0.0807307, 0.117426, 9.80266, -0.0457764, 0.0762939, 0.0305176, 21.7762, 92213.7
16653, 0.00543457, 0.000820312, 0.000820312, 0, 0.0807307, 0.117426, 9.82223, -0.0610352, 0.0610352, -0.0305176, 21.7657, 92213.6
16663, 0.00328125, -0.000410156, -0.000410156, 0.000410156, 0.112534, 0.154122, 9.7733, -0.0610352, 0.0152588, -0.0305176, 21.7902, 92213.7
16683, 0.00164062, 0.000820312, -0.00164062, 0.00287109, 0.146783, 0.181032, 9.76107, -0.137329, 0.0152588, 0.0457764, 21.7881, 92213.1
16693, 0.00205078, 0.000410156, -0.00123047, -0.000410156, 0.159015, 0.185925, 9.78798, -0.137329, 0.0915527, 0.0305176, 21.7746, 92213.6
16703, 0.00164062, 0.000410156, 0.000410156, 0.00205078, 0.161461, 0.188372, 9.77575, 0, 0.0457764, 0.0305176, 21.7769, 92214
16713, 0.00164062, 0.00246094, -0.00123047, 0.00205078, 0.149229, 0.168801, 9.77086, -0.0762939, 0.0457764, 0.0762939, 21.7798, 92213.8
16723, 0.00328125, -0.000820312, -0.000820312, 0.00205078, 0.122319, 0.168801, 9.80755, -0.0152588, -0.0305176, 0.0915527, 21.7884, 92213.9
16733, -0.000410156, 0.000410156, -0.000820312, 0.000820312, 0.100302, 0.139444, 9.81979, -0.0610352, -0.0152588, 0.12207, 21.775, 92214
16743, 0.00369141, 0, -0.00123047, 0.00205078, 0.0709451, 0.119873, 9.80266, -0.106812, 0.0152588, 0.0762939, 21.7846, 92213.6
16753, 0.00246094, 0, 0.000820312, -0.00123047, 0.0880698, 0.129658, 9.79532, -0.0305176, 0.0305176, 0.0610352, 21.7821, 92214.4
16773, 0.00369141, -0.000820312, 0.00205078, 0.00123047, 0.110087, 0.159015, 9.81, -0.106812, 0.0152588, 0.0305176, 21.7786, 92213.3
16783, 0.00246094, 0.000410156, 0.00205078, 0.00246094, 0.129658, 0.171247, 9.75863, -0.137329, 0.0915527, 0, 21.7717, 92213.1
16793, 0, 0.00205078, 0.000410156, 0, 0.156569, 0.166354, 9.81245, -0.0762939, -0.0610352, 0.0305176, 21.7878, 92213.6
16803, 0.00246094, 0.00246094, 0.000410156, 0.00123047, 0.144337, 0.183479, 9.76841, -0.0305176, 0.0915527, 0.0152588, 21.7846, 92213.6
16813, 0.00246094, 0.00246094, 0.00328125, 0.00123047, 0.154122, 0.17614, 9.78309, -0.0762939, 0.0457764, 0, 21.7843, 92213.7
16823, 0.00246094, 0.00287109, 0.00287109, 0.00164062, 0.134551, 0.171247, 9.79532, -0.0457764, 0, 0.0915527, 21.7753, 92213.5
16833, 0.00246094, 0.00123047, 0.00287109, 0.00205078, 0.117426, 0.146783, 9.79777, -0.0152588, -0.0762939, 0.0457764, 21.7703, 92213.3
16853, 0.00123047, 0.00246094, 0.000410156, 0.00246094, 0.095409, 0.119873, 9.79043, -0.0610352, 0.0610352, -0.0610352, 21.7875, 92213.5
16863, 0.00123047, 0.00246094, 0.00123047, 0.00246094, 0.0856234, 0.151676, 9.83202, -0.0152588, 0.0457764, -0.0152588, 21.7871, 92213.5
16873, 0.00164062, 0.00123047, 0.00205078, 0.00205078, 0.102748, 0.151676, 9.81489, -0.0305176, 0.0305176, 0.0457764, 21.7743, 92213.8
16883, 0.000820312, 0.00164062, 0.00123047, 0.000820312, 0.119873, 0.159015, 9.74884, -0.259399, -0.0152588, -0.0610352, 21.7798, 92213.5
16893, 0.00205078, -0.000410156, 0.00123047, 0.00369141, 0.119873, 0.171247, 9.78798, -0.0762939, 0, -0.0457764, 21.7784, 92213.4
16903, 0.00287109, 0.000410156, 0.000410156, 0.00164062, 0.149229, 0.166354, 9.85893, -0.0915527, 0.0610352, 0.0457764, 21.7774, 92213.3
16913, 0.00410156, 0.000410156, -0.000410156, 0.00164062, 0.14189, 0.183479, 9.78309, -0.0305176, 0, 0.0152588, 21.7839, 92213.2
16923, 0.00410156, 0.00246094, -0.00246094, 0.00164062, 0.156569, 0.171247, 9.76352, -0.0915527, -0.0305176, 0.0610352, 21.7774, 92214
16943, 0.00205078, 0.000410156, 0.00287109, 0.00410156, 0.134551, 0.173693, 9.80755, -0.0457764, 0.0152588, 0.0610352, 21.7869, 92213
16953, 0.00502441, 0.000410156, 0.00164062, 0.00328125, 0.102748, 0.156569, 9.83936, -0.0152588, 0.0152588, 0.0457764, 21.7882, 92213.3
16963, 0, 0.000410156, 0, 0.00328125, 0.105195, 0.149229, 9.76597, 0.0152588, 0.0152588, 0, 21.7801, 92213.8
16973, 0, -0.000410156, -0.00123047, 0.00328125, 0.119873, 0.156569, 9.77575, -0.0915527, -0.0610352, 0, 21.7826, 92213.5
16983, 0.00205078, 0.000410156, 0.00246094, 0.00246094, 0.112534, 0.14189, 9.80511, -0.0457764, 0.0305176, 0, 21.791, 92213.5
16993, 0.00123047, -0.00123047, 0.00246094, 0.00164062, 0.112534, 0.134551, 9.77575, -0.0457764, 0.0610352, 0, 21.7984, 92213
17003, 0.00287109, 0.00205078, 0.00328125, 0.000820312, 0.136998, 0.156569, 9.80511, -0.0152588, 0, -0.0610352, 21.7899, 92213.9
17023, 0.00410156, 0.00164062, 0.000410156, 0.00287109, 0.134551, 0.17614, 9.76107, -0.0762939, -0.0610352, 0.0457764, 21.7818, 92213.3
17033, 0.00410156, 0.00164062, 0.00123047, 0.00205078, 0.132105, 0.198157, 9.83446, -0.0305176, -0.0457764, 0.0457764, 21.787, 92213.8
17043, 0.000820312, -0.000820312, 0.00123047, 0.00164062, 0.134551, 0.183479, 9.82468, 0.0152588, 0.0305176, 0.0457764, 21.7936, 92213.8
17053, 0.00246094, 0.00123047, 0.00205078, -0.000820312, 0.117426, 0.168801, 9.79043, -0.0762939, -0.0610352, 0.0915527, 21.7836, 92213.7
17063, 0.00246094, 0.00164062, 0.00205078, 0.000820312, 0.0978554, 0.166354, 9.7782, -0.0305176, -0.0915527, 0.0305176, 21.7797, 92213.9
17073, 0.00246094, 0.00164062, 0.00205078, 0.000820312, 0.119873, 0.136998, 9.80511, -0.0610352, -0.0457764, 0.0152588, 21.7742, 92213.5
17083, 0.00287109, 0.00123047, 0.00246094, 0.000410156, 0.11498, 0.132105, 9.84425, -0.0457764, -0.0305176, 0.0610352, 21.7781, 92213.6
17093, 0.00369141, -0.000410156, 0.000820312, 0.000820312, 0.11498, 0.119873, 9.74884, -0.106812, 0.0762939, 0.0305176, 21.7947, 92213.2
17113, 0, 0.000820312, 0.000820312, 0.00246094, 0.144337, 0.129658, 9.82223, -0.0762939, 0.0152588, 0.0152588, 21.7836, 92213.1
17123, 0.00205078, 0.000820312, 0.00164062, 0.00328125, 0.149229, 0.161461, 9.81734, -0.0457764, 0.0610352, 0.0305176, 21.7797, 92213.7
17133, 0.00205078, 0.00164062, 0.00123047, 0.00328125, 0.144337, 0.171247, 9.79777, -0.0915527, -0.0457764, 0.0610352, 21.7795, 92213.8
17143, 0.00246094, 0.00123047, 0.000820312, 0.00369141, 0.151676, 0.171247, 9.76352, -0.0152588, -0.0305176, 0.0305176, 21.7868, 92213.8
17153, 0.000410156, 0, 0.000820312, 0.00246094, 0.132105, 0.188372, 9.78798, -0.0762939, -0.0152588, 0.0610352, 21.7816, 92213.5
17163, 0.00246094, 0, 0.00164062, 0.00123047, 0.119873, 0.17614, 9.80511, -0.106812, -0.106812, 0.0152588, 21.779, 92213.3
17173, -0.000820312, 0, 0, 0.00287109, 0.112534, 0.166354, 9.80511, 0.0305176, -0.0915527, 0.0305176, 21.7905, 92213.3
17193, 0.00205078, 0.000820312, 0.00164062, 0.00205078, 0.117426, 0.163908, 9.78798, -0.0915527, -0.0152588, 0.0457764, 21.7962, 92213.5
17203, 0, -0.00164062, 0.00164062, 0.00205078, 0.11498, 0.146783, 9.80266, -0.12207, -0.0457764, 0.0152588, 21.7779, 92213.5
17213, 0.00205078, 0.00205078, 0.000820312, 0.00164062, 0.110087, 0.159015, 9.81, -0.0152588, -0.12207, -0.0152588, 21.7819, 92214
17223, 0.00328125, 0.00205078, 0.00287109, 0.000820312, 0.112534, 0.171247, 9.77086, -0.0457764, 0.0305176, 0.0152588, 21.7823, 92213.1
17233, 0.00328125, 0, 0.00328125, 0.000820312, 0.117426, 0.156569, 9.77575, -0.106812, -0.0305176, 0.0457764, 21.7895, 92213.2
17243, 0.00287109, 0.000820312, 0.00164062, 0.00164062, 0.124766, 0.166354, 9.81245, 0.0152588, -0.0610352, 0, 21.7956, 92213
17253, -0.000820312, 0.00246094, 0.00164062, 0.00205078, 0.132105, 0.156569, 9.80511, -0.0305176, -0.0152588, 0.0152588, 21.7763, 92213.9
17263, 0.00123047, 0.000410156, 0.00123047, 0.000820312, 0.134551, 0.171247, 9.79777, -0.0457764, -0.0152588, 0.0305176, 21.7891, 92213.6
17283, 0.00328125, 0.00205078, 0, 0.00123047, 0.122319, 0.154122, 9.81, -0.0152588, 0.0610352, 0.0152588, 21.7935, 92214
17293, 0.00328125, 0.00205078, 0.000410156, 0.00205078, 0.136998, 0.159015, 9.84425, -0.0610352, 0.0152588, 0.0305176, 21.7941, 92213.5
17303, 0.000820312, 0.00205078, 0.00205078, 0.00123047, 0.117426, 0.149229, 9.76107, -0.0457764, 0.0762939, 0.0457764, 21.7795, 92213.2
17313, 0.00328125, 0.00164062, 0.00205078, 0.00205078, 0.122319, 0.154122, 9.79532, -0.0610352, -0.0152588, 0.0457764, 21.7973, 92213.6
17323, 0.000410156, 0.000410156, 0.00205078, 0.000820312, 0.127212, 0.139444, 9.81245, -0.0915527, 0.0152588, -0.0457764, 21.7905, 92213.6
17333, 0.00164062, 0.000410156, 0.00164062, 0.00164062, 0.139444, 0.156569, 9.79532, -0.12207, 0, 0.0152588, 21.7839, 92213.2
17343, 0.00164062, 0, 0.00123047, 0.00164062, 0.129658, 0.156569, 9.81, -0.0610352, 0, 0.0610352, 21.7865, 92213.8
17363, 0.00451172, 0.00123047, 0.000820312, 0.00328125, 0.139444, 0.163908, 9.80021, -0.152588, 0, 0.0457764, 21.7884, 92213.6
17373, -0.00205078, 0.00123047, 0.000820312, 0.00164062, 0.129658, 0.168801, 9.79288, -0.0610352, -0.0610352, 0.0305176, 21.7919, 92212.9
17383, 0.00123047, 0.00123047, 0.00123047, 0.00246094, 0.124766, 0.168801, 9.79288, -0.0610352, 0.0152588, 0, 21.786, 92213.6
17393, 0.00123047, 0.00123047, -0.000820312, 0.00246094, 0.127212, 0.144337, 9.81489, -0.0305176, -0.0305176, 0.0457764, 21.7911, 92213.2
17403, -0.00123047, 0.00164062, 0.00123047, 0.00123047, 0.100302, 0.163908, 9.80266, 0, -0.0152588, 0, 21.7985, 92213.6
17413, 0.00205078, -0.000820312, 0.00123047, 0.00164062, 0.11498, 0.168801, 9.76841, -0.0305176, 0, 0.0457764, 21.7926, 92213.2
17423, 0.00246094, 0, 0.00328125, 0.00287109, 0.110087, 0.161461, 9.81734, -0.0762939, 0.0305176, 0.0762939, 21.7884, 92213.4
17433, 0.00287109, 0, 0.00287109, -0.000410156, 0.112534, 0.151676, 9.80511, -0.0457764, -0.0152588, -0.0305176, 21.7952, 92213.6
17453, 0.00328125, -0.00164062, 0.000410156, 0.00328125, 0.110087, 0.166354, 9.80755, -0.0762939, 0.0152588, 0.0610352, 21.7992, 92213.8
17463, 0.00164062, 0.000820312, 0.000410156, 0.00246094, 0.124766, 0.168801, 9.7733, -0.12207, 0, 0.0457764, 21.8032, 92213.7
17473, 0, 0.000410156, -0.000410156, 0, 0.14189, 0.149229, 9.80511, -0.0457764, 0.0305176, 0.0762939, 21.7895, 92213.8
17483, 0.00246094, 0.00123047, -0.000410156, 0.00205078, 0.129658, 0.159015, 9.80511, -0.0457764, 0.0305176, 0, 21.7933, 92213.4
17493, 0.00123047, 0.00123047, 0.000820312, 0.00205078, 0.136998, 0.166354, 9.81, -0.0762939, -0.0152588, 0.0152588, 21.7885, 92213.2
17503, 0.00123047, 0.00287109, 0.000410156, 0.00205078, 0.132105, 0.173693, 9.80511, 0.0152588, 0.0915527, 0, 21.7871, 92213.9
17513, 0.000820312, 0.00205078, 0.00123047, -0.00164062, 0.110087, 0.171247, 9.79777, -0.0152588, 0.0152588, 0.0610352, 21.7903, 92213.5
17533, 0.00164062, 0, 0.00205078, 0.00205078, 0.127212, 0.154122, 9.80266, -0.0915527, -0.0305176, 0.0457764, 21.7924, 92213.3
17543, 0.00123047, 0, -0.000410156, 0.00205078, 0.119873, 0.144337, 9.78554, -0.12207, 0.0152588, 0.0915527, 21.7971, 92213.8
17553, 0.00123047, -0.00123047, 0.00287109, 0.00205078, 0.127212, 0.161461, 9.78309, -0.0762939, -0.0152588, 0.0457764, 21.789, 92213.7
17563, 0.000820312, -0.00123047, 0.000820312, -0.000410156, 0.119873, 0.149229, 9.78309, -0.0457764, -0.0762939, 0.0152588, 21.7961, 92213.7
17573, 0.00205078, 0.00205078, 0.000820312, 0.00205078, 0.112534, 0.156569, 9.78309, -0.0915527, 0.0305176, 0.0457764, 21.7974, 92213.3
17583, 0.00287109, 0.00164062, 0, 0.00451172, 0.119873, 0.151676, 9.80266, -0.0457764, 0.0305176, 0, 21.79, 92213.5
17593, 0.00205078, 0.00164062, 0.00164062, 0.00123047, 0.129658, 0.159015, 9.78064, -0.0610352, -0.0457764, 0.0305176, 21.799, 92214.1
17603, 0.00205078, 0.00123047, 0.00287109, 0.00123047, 0.134551, 0.156569, 9.78798, -0.0152588, -0.0305176, 0.0305176, 21.7824, 92213.1
17623, 0.00287109, 0.00123047, 0, 0.00287109, 0.129658, 0.159015, 9.78554, -0.0762939, -0.0152588, 0.0915527, 21.7896, 92213.5
17633, 0.00287109, 0.00123047, 0.00164062, 0.000820312, 0.11498, 0.166354, 9.79777, -0.0305176, -0.0915527, 0.0915527, 21.7872, 92213.9
17643, 0.00410156, 0.00123047, 0.000820312, 0.000410156, 0.100302, 0.161461, 9.79532, 0.0152588, -0.0762939, 0.0915527, 21.7982, 92214
17653, 0.00410156, 0.000820312, 0.00205078, 0.000410156, 0.0978554, 0.161461, 9.79043, 0, 0, 0.0762939, 21.7908, 92213.2
17663, -0.000410156, 0.00205078, 0.00246094, 0.00246094, 0.107641, 0.149229, 9.79043, -0.0762939, 0.0152588, 0.0305176, 21.7873, 92213.1
17673, 0.000410156, 0, 0.00246094, 0.00328125, 0.124766, 0.146783, 9.80266, -0.0305176, -0.0305176, 0.0457764, 21.7956, 92213.8
17683, 0.00164062, 0.00164062, -0.000410156, 0.000410156, 0.105195, 0.136998, 9.80021, 0.0152588, 0.0152588, -0.0152588, 21.7948, 92213.1
17703, 0.00287109, 0.00328125, -0.00328125, 0.00123047, 0.139444, 0.173693, 9.78798, -0.0457764, -0.0610352, 0, 21.7819, 92213.4
17713, 0.00287109, 0.00164062, 0, 0.00123047, 0.127212, 0.181032, 9.7782, -0.0152588, 0.0305176, 0.0152588, 21.7859, 92213.5
17723, 0.00164062, 0.00287109, 0.00205078, 0.00246094, 0.134551, 0.181032, 9.78064, -0.0915527, 0.0610352, 0.0305176, 21.7963, 92213.5
17733, 0.00328125, 0.00205078, 0.00205078, 0.00287109, 0.136998, 0.166354, 9.79043, -0.0305176, -0.0610352, 0.0152588, 21.7898, 92213.2
17743, 0.00164062, 0.000820312, 0.000820312, 0.00328125, 0.132105, 0.163908, 9.79777, -0.0305176, -0.0457764, 0.0305176, 21.7897, 92213.2
17753, 0.00164062, 0.000820312, 0.000820312, 0.00164062, 0.127212, 0.149229, 9.79777, -0.0762939, 0, 0.0457764, 21.7962, 92213.3
17763, 0.00164062, 0.000820312, -0.000820312, 0.00164062, 0.129658, 0.156569, 9.78554, -0.0457764, 0.0915527, 0.0457764, 21.8006, 92213.7
17773, 0.00205078, 0, 0, 0.00205078, 0.105195, 0.144337, 9.80755, -0.137329, -0.0152588, 0.0152588, 21.7873, 92213.5
17793, 0.00287109, 0.000820312, -0.000410156, 0.00123047, 0.122319, 0.171247, 9.78309, -0.0762939, 0.0915527, 0.0610352, 21.7875, 92213.8
17803, 0.000820312, 0.000820312, 0.000410156, 0.00410156, 0.122319, 0.161461, 9.79532, -0.0915527, -0.0762939, 0.0457764, 21.7876, 92213.5
17813, 0.000820312, 0.00164062, 0.00164062, 0.00410156, 0.136998, 0.156569, 9.80021, -0.106812, 0, 0.0152588, 21.7986, 92213.6
17823, 0.00246094, -0.000820312, 0.00287109, 0.00205078, 0.124766, 0.181032, 9.79043, -0.106812, 0.0305176, 0.0152588, 21.798, 92213.3
17833, 0.00287109, 0.00205078, 0.00287109, 0.000820312, 0.117426, 0.173693, 9.79532, -0.0610352, 0.0152588, 0.0305176, 21.7865, 92213.6
17843, 0.00410156, 0.00123047, 0.000820312, 0.00205078, 0.100302, 0.181032, 9.7782, -0.0457764, 0.0152588, 0.0305176, 21.7861, 92213.9
17853, 0.00164062, 0.00123047, 0.00246094, 0.00328125, 0.119873, 0.159015, 9.80755, -0.106812, -0.0305176, 0, 21.7936, 92213.6
17873, 0.00164062, 0.00164062, 0.00164062, 0.000820312, 0.117426, 0.166354, 9.81245, 0, 0.0152588, 0.0457764, 21.8031, 92213.7
17883, 0.00410156, -0.000820312, 0.00164062, -0.000410156, 0.112534, 0.151676, 9.79288, -0.0457764, -0.0152588, 0.0305176, 21.7894, 92213.4
17893, 0.00369141, 0.00328125, 0.000410156, 0, 0.11498, 0.156569, 9.80021, -0.137329, 0.0762939, 0, 21.7991, 92213.5
17903, 0.00246094, 0.00328125, -0.000410156, 0.000820312, 0.122319, 0.166354, 9.78309, -0.0457764, 0.0152588, -0.0152588, 21.7971, 92214.1
17913, 0.00164062, 0.000410156, 0, 0.000820312, 0.127212, 0.166354, 9.79532, -0.0915527, 0, 0.0305176, 21.7942, 92213.3
17923, 0.00164062, 0.00164062, 0.00205078, 0.00123047, 0.136998, 0.156569, 9.80021, -0.0915527, 0.0457764, 0.0457764, 21.7964, 92213.6
17933, 0.000410156, 0.000820312, 0.000410156, 0.00328125, 0.144337, 0.136998, 9.79288, -0.0762939, -0.0610352, 0, 21.7977, 92213.4
17943, 0.00123047, 0.000820312, 0.000410156, 0.00205078, 0.129658, 0.173693, 9.79532, -0.0610352, 0.0457764, -0.0152588, 21.7834, 92213.9
17963, 0.000410156, 0.00164062, 0.00246094, 0.00328125, 0.127212, 0.144337, 9.78554, -0.0610352, -0.0305176, 0.0610352, 21.7853, 92213.7
17973, 0.000410156, 0.00123047, 0.00205078, 0.00328125, 0.11498, 0.156569, 9.78064, 0, -0.0457764, 0.0457764, 21.7876, 92213.5
17983, 0.00410156, -0.000410156, 0, 0.00328125, 0.112534, 0.168801, 9.78309, -0.0915527, 0.0152588, 0.0305176, 21.7923, 92214.2
17993, 0.00123047, -0.000410156, 0, 0.00246094, 0.112534, 0.139444, 9.78798, 0, 0.0610352, 0.0152588, 21.7935, 92213.7
18003, 0.000820312, 0.00246094, -0.000820312, 0, 0.127212, 0.173693, 9.78309, -0.0457764, 0, 0, 21.79, 92213.1
18013, 0.00123047, 0.00246094, 0.00123047, 0.00246094, 0.124766, 0.168801, 9.79043, -0.12207, -0.0305176, 0.0457764, 21.8012, 92213.4
18023, 0.00123047, 0.00246094, 0.00205078, 0.00246094, 0.11498, 0.173693, 9.79288, -0.0610352, 0, 0.0610352, 21.7999, 92213.5
18043, 0.00246094, 0.000410156, 0.00164062, 0.00164062, 0.119873, 0.17614, 9.80021, -0.106812, 0.0305176, 0.0610352, 21.7957, 92213.7
18053, 0.00123047, 0.00287109, -0.000410156, 0.00164062, 0.124766, 0.163908, 9.78554, -0.0305176, -0.0915527, 0.12207, 21.7962, 92213.7
18063, 0.00205078, 0.00287109, -0.00123047, -0.00123047, 0.11498, 0.14189, 9.79532, -0.0762939, 0, 0.0762939, 21.7899, 92213.8
18073, 0.00164062, 0.00246094, 0, -0.00123047, 0.112534, 0.136998, 9.80266, -0.0305176, -0.0305176, 0.0457764, 21.7898, 92213.8
18083, 0.00164062, 0.000820312, 0.000410156, 0.00287109, 0.129658, 0.146783, 9.80511, -0.0457764, -0.0152588, 0, 21.8023, 92213.8
18093, 0.000820312, 0.000410156, 0.000410156, 0.00123047, 0.127212, 0.161461, 9.78309, 0.0152588, -0.0152588, -0.0152588, 21.7952, 92213.8
18103, 0.00123047, 0.00123047, -0.00123047, 0.00205078, 0.127212, 0.17614, 9.78064, -0.0610352, 0.0762939, 0.0610352, 21.7912, 92213.8
18113, 0.00164062, 0.00123047, -0.00123047, 0.00123047, 0.139444, 0.156569, 9.80021, -0.0457764, 0.0152588, -0.0152588, 21.782, 92213.5
18133, 0.00246094, 0.000820312, 0.00287109, 0.000410156, 0.149229, 0.151676, 9.79777, -0.12207, 0.0152588, 0, 21.7855, 92213.7
18143, 0.00164062, -0.000410156, 0.000410156, 0.000410156, 0.139444, 0.151676, 9.79288, -0.0457764, 0.0152588, 0.0152588, 21.7952, 92213.9
18153, 0.00287109, 0.00123047, 0.000410156, 0.000820312, 0.132105, 0.156569, 9.80266, -0.0457764, 0.0305176, 0.0762939, 21.7902, 92213.2
18163, 0.00369141, -0.000820312, 0.00287109, 0.00246094, 0.124766, 0.163908, 9.80266, -0.0610352, -0.0305176, 0.0457764, 21.7912, 92213.6
18173, 0.00205078, -0.000820312, 0.00123047, 0.00123047, 0.129658, 0.168801, 9.80266, -0.0152588, 0.0152588, 0.137329, 21.7948, 92214
18183, 0.00205078, 0, 0.00123047, 0.00123047, 0.110087, 0.17614, 9.79288, -0.0152588, 0.0610352, 0.0915527, 21.7995, 92213.7
18193, 0.00246094, -0.000410156, 0.00123047, 0.000820312, 0.107641, 0.151676, 9.81, -0.0762939, -0.0152588, 0.0152588, 21.8008, 92213.6
18203, 0.00205078, 0, 0.00123047, 0.00205078, 0.11498, 0.146783, 9.79777, -0.0915527, 0, 0, 21.7846, 92213.5
18223, -0.000410156, 0.00287109, 0.000820312, 0.00205078, 0.105195, 0.159015, 9.78554, -0.137329, 0.0762939, 0.0152588, 21.7911, 92213.8
18233, -0.000410156, 0, 0, 0.00205078, 0.11498, 0.14189, 9.78554, -0.0610352, 0.0762939, 0.0457764, 21.8015, 92213.6
18243, 0.00123047, 0, 0.00123047, 0.00287109, 0.127212, 0.161461, 9.79777, -0.137329, 0.0610352, 0.0610352, 21.7955, 92213.3
18253, 0.00123047, 0.000820312, 0.00123047, 0.00287109, 0.117426, 0.166354, 9.78798, -0.106812, 0.0305176, 0.0305176, 21.8018, 92213.1
18263, 0.00246094, 0.00123047, 0.00164062, 0.00287109, 0.132105, 0.156569, 9.80021, 0, -0.0762939, 0.0762939, 21.8081, 92214
18273, 0, 0.00123047, 0.000410156, 0, 0.132105, 0.161461, 9.81, -0.0457764, 0.0457764, 0.0610352, 21.7884, 92213.3
18283, 0.00205078, -0.00205078, 0.00164062, 0, 0.119873, 0.166354, 9.79532, -0.0305176, 0.0762939, 0.0457764, 21.8064, 92213.1
18303, 0.00205078, 0.000410156, 0.00164062, 0.00164062, 0.144337, 0.156569, 9.78064, -0.0305176, -0.0305176, -0.0305176, 21.796, 92213.6
18313, 0.00246094, 0.00164062, -0.000820312, 0.000820312, 0.129658, 0.159015, 9.78554, -0.0915527, -0.0152588, 0.0457764, 21.7934, 92213.4
18323, 0.00328125, 0.00164062, 0.000820312, 0.00246094, 0.127212, 0.168801, 9.78064, -0.0610352, -0.0152588, -0.0305176, 21.7845, 92214.2
18333, 0.00205078, 0, 0.00123047, 0.00246094, 0.136998, 0.146783, 9.79777, -0.0305176, -0.0152588, 0.0457764, 21.7926, 92213.6
18343, 0.00205078, 0, 0, 0.00205078, 0.129658, 0.139444, 9.79777, -0.0915527, 0, 0.0610352, 21.7969, 92213.8
18353, 0.00164062, -0.000820312, 0.00246094, 0.00164062, 0.122319, 0.173693, 9.79532, -0.0152588, -0.0305176, 0.0152588, 21.7955, 92213
18363, 0.00246094, 0.000820312, 0.00246094, -0.00123047, 0.139444, 0.173693, 9.79288, -0.106812, 0.0305176, 0.0915527, 21.7943, 92213.2
18373, 0.00205078, 0.00123047, 0.00246094, 0.00205078, 0.117426, 0.151676, 9.79777, -0.0762939, 0, 0.0457764, 21.8026, 92213.3
18393, 0.00164062, -0.00164062, 0.00164062, 0.00123047, 0.112534, 0.161461, 9.81245, -0.0457764, 0.0152588, 0.0610352, 21.8044, 92213
18403, 0.00164062, 0.00246094, 0.00123047, 0.00123047, 0.11498, 0.159015, 9.7782, -0.0457764, 0.0152588, 0.0457764, 21.7999, 92213.7
18413, 0.00205078, 0, 0.00123047, 0.00246094, 0.110087, 0.163908, 9.79777, -0.106812, 0.0457764, 0.0457764, 21.8005, 92213.3
18423, 0.00205078, 0, 0.000410156, 0.000410156, 0.107641, 0.151676, 9.79532, 0.0305176, 0.0305176, 0.0305176, 21.8034, 92214
18433, 0.00328125, 0, 0.000820312, 0.00328125, 0.11498, 0.163908, 9.78554, -0.0915527, 0.0152588, 0.0152588, 21.7977, 92213.8
18443, 0.00328125, 0.00328125, 0, 0.00328125, 0.119873, 0.168801, 9.80511, -0.0152588, -0.0915527, 0.0305176, 21.7962, 92213.4
18453, 0.00369141, 0.00205078, 0.000410156, 0.00246094, 0.132105, 0.156569, 9.79043, 0, -0.0305176, 0.0457764, 21.792, 92213.7
18473, 0.00328125, 0.000820312, 0.000410156, 0.00328125, 0.14189, 0.149229, 9.78309, -0.0610352, -0.0457764, 0.0610352, 21.7966, 92213.7
18483, 0.00205078, 0.000820312, 0.000820312, 0.00369141, 0.124766, 0.156569, 9.80021, -0.106812, -0.0152588, 0.0610352, 21.8074, 92213.2
18493, 0.00205078, 0.00164062, 0.00205078, 0.00369141, 0.124766, 0.171247, 9.78309, -0.0152588, -0.0762939, 0.0457764, 21.8025, 92213.3
18503, 0.00205078, 0, 0.00123047, 0.00205078, 0.127212, 0.146783, 9.79288, -0.0305176, -0.0152588, 0.0305176, 21.7934, 92213.7
18513, 0.00246094, -0.00123047, 0.00123047, 0.000410156, 0.124766, 0.154122, 9.81, -0.0610352, 0.0305176, 0.0457764, 21.8058, 92213.3
18523, 0.00287109, 0.00123047, -0.00164062, 0.00123047, 0.129658, 0.156569, 9.80511, -0.0915527, 0.0152588, 0.0457764, 21.7979, 92213.2
18533, 0.000410156, 0.00123047, 0.000410156, 0.00205078, 0.105195, 0.159015, 9.79777, -0.0762939, 0.0152588, 0.0457764, 21.7936, 92213.5
18543, 0.000820312, 0.000410156, 0.00123047, 0.00205078, 0.127212, 0.168801, 9.79532, 0, 0.0610352, 0, 21.7944, 92213.3
18563, 0.00287109, 0.00123047, -0.000820312, 0.00369141, 0.127212, 0.159015, 9.78309, -0.106812, 0.0305176, 0.0610352, 21.8054, 92213.1
18573, 0.00123047, -0.00287109, -0.000820312, 0.000820312, 0.127212, 0.17614, 9.79043, 0, -0.0152588, -0.0152588, 21.8001, 92213.8
18583, 0.00369141, -0.00287109, -0.00246094, 0.00328125, 0.132105, 0.161461, 9.79532, -0.0915527, 0.0152588, 0, 21.8046, 92213.2
18593, 0.00123047, 0.00246094, 0.00164062, 0.00123047, 0.124766, 0.151676, 9.80021, -0.0305176, -0.0610352, -0.0305176, 21.8129, 92213.3
18603, 0.00123047, 0.00287109, 0.00123047, 0.00123047, 0.107641, 0.149229, 9.80266, -0.0457764, 0, 0.0305176, 21.802, 92213.2
18613, 0.00205078, 0, -0.00328125, 0.00287109, 0.119873, 0.149229, 9.80511, -0.0762939, 0.0152588, 0.0152588, 21.8094, 92213.8
18623, 0.00246094, -0.000820312, -0.00328125, 0.00328125, 0.122319, 0.159015, 9.79043, -0.0610352, -0.0305176, 0.0152588, 21.815, 92213.5
18643, 0.00246094, 0.00205078, -0.000820312, 0.00328125, 0.134551, 0.139444, 9.78064, -0.0762939, -0.0305176, 0.0457764, 21.8063, 92213.3
18653, 0.00246094, 0.00328125, 0.00164062, 0.00328125, 0.136998, 0.151676, 9.78064, -0.0610352, -0.0610352, 0.0762939, 21.8097, 92213.7
18663, 0.00328125, -0.000820312, 0.00123047, 0.00246094, 0.119873, 0.139444, 9.79532, -0.0457764, 0.106812, 0.0152588, 21.8038, 92213.6
18713, 0.00164062, 0.000410156, 0, 0.00287109, 0.136998, 0.149229, 9.80511, 0, 0, 0.0152588, 21.8259, 92213.8
18723, 0.00123047, 0.000820312, 0, 0.00328125, 0.110087, 0.154122, 9.79777, -0.106812, -0.0305176, 0, 21.8045, 92213.2
18733, 0.00287109, 0, 0.000820312, 0.00123047, 0.102748, 0.149229, 9.81245, -0.0610352, 0.0305176, 0.0152588, 21.8052, 92213.7
18753, 0.00246094, 0.00246094, 0.00123047, 0.00246094, 0.119873, 0.168801, 9.79532, -0.106812, 0.0305176, -0.0305176, 21.7902, 92213.6
18763, 0.00246094, 0.00205078, -0.000410156, 0.00246094, 0.119873, 0.151676, 9.81734, -0.0152588, 0.0457764, 0.0610352, 21.8098, 92212.9
18773, 0.00205078, 0.000820312, 0.000410156, 0.00287109, 0.11498, 0.154122, 9.78554, -0.152588, 0.0457764, -0.0152588, 21.8054, 92213.5
18783, 0.00164062, 0.00246094, 0.000410156, 0.000410156, 0.119873, 0.181032, 9.80021, -0.0457764, 0.0152588, 0.0152588, 21.8096, 92213
18793, 0.00246094, 0.00246094, 0.00123047, 0.000410156, 0.122319, 0.159015, 9.74395, -0.12207, 0, 0.0305176, 21.8124, 92213
18803, 0.000410156, 0.000410156, 0.00123047, 0.000410156, 0.119873, 0.161461, 9.79532, -0.0305176, 0, 0.0610352, 21.7976, 92213.1
18813, 0.000410156, -0.00205078, 0.00123047, 0.00164062, 0.119873, 0.14189, 9.79043, -0.0305176, -0.0152588, 0.0457764, 21.8046, 92213.4
18823, 0.00246094, 0.00287109, 0.00123047, 0.000410156, 0.124766, 0.151676, 9.80755, -0.0457764, 0.0305176, 0.0305176, 21.8097, 92213
18843, 0.00123047, 0.000410156, -0.000820312, 0.00164062, 0.112534, 0.154122, 9.79288, -0.12207, 0.0457764, 0.0762939, 21.8053, 92213.6
18853, 0.00287109, 0.000410156, -0.000410156, 0.00123047, 0.139444, 0.151676, 9.81979, -0.0762939, -0.0305176, 0.0457764, 21.8022, 92213.1
18863, 0.00287109, 0.00205078, 0.000820312, 0.00123047, 0.134551, 0.156569, 9.81489, -0.0610352, -0.0457764, 0, 21.8129, 92213.6
18873, 0.00287109, 0.00123047, 0.000410156, -0.000820312, 0.124766, 0.151676, 9.79043, -0.0152588, -0.0152588, 0.0915527, 21.8106, 92213.6
18883, 0.00287109, 0.000820312, 0.000410156, 0.000410156, 0.146783, 0.173693, 9.80511, -0.106812, -0.0457764, 0.0152588, 21.8181, 92213.6
18893, 0.00502441, 0, 0.00164062, 0.00123047, 0.144337, 0.166354, 9.79777, -0.0610352, 0, -0.0152588, 21.8119, 92213.5
18903, 0.00369141, 0, 0.00164062, 0.00205078, 0.146783, 0.154122, 9.80511, -0.0915527, -0.0610352, 0.0305176, 21.8172, 92213.3
18923, 0.000410156, -0.00123047, -0.000820312, 0.000820312, 0.119873, 0.163908, 9.78309, -0.0762939, 0.0152588, 0.0457764, 21.8065, 92213.3
18933, 0.000820312, 0.000820312, -0.000820312, 0.00369141, 0.134551, 0.163908, 9.80021, -0.106812, 0.0152588, 0.0457764, 21.8138, 92213.7
18943, 0.00369141, -0.000820312, 0.00205078, 0.00246094, 0.117426, 0.151676, 9.80755, -0.0915527, -0.0610352, 0.0152588, 21.8067, 92213.3
18953, 0.00205078, -0.000820312, 0.000410156, 0.00205078, 0.119873, 0.163908, 9.80266, -0.0610352, 0.0305176, -0.0152588, 21.8035, 92213.4
18963, 0.00246094, 0.00205078, 0, 0.00205078, 0.11498, 0.146783, 9.78309, 0, 0.0762939, 0.0152588, 21.8021, 92213.8
18973, 0.00246094, 0.00246094, 0.00287109, 0.00205078, 0.11498, 0.156569, 9.79288, -0.106812, -0.0305176, 0, 21.8055, 92213.1
18983, 0.00246094, 0.00123047, -0.00123047, 0.00328125, 0.117426, 0.161461, 9.80266, -0.0457764, 0.0305176, 0.0457764, 21.8061, 92213.6
18993, 0.00246094, 0, -0.00123047, 0.000820312, 0.129658, 0.181032, 9.79043, -0.0610352, -0.0915527, 0.0152588, 21.8166, 92213.5
19013, 0.00287109, 0.00246094, 0, 0.000820312, 0.11498, 0.151676, 9.78554, -0.106812, 0.0457764, 0.106812, 21.7982, 92213.9
19023, 0.00287109, -0.000410156, 0.000820312, 0.000410156, 0.127212, 0.159015, 9.81245, -0.0610352, -0.0762939, -0.0152588, 21.8172, 92213.5
19033, 0.00205078, 0, 0.00123047, 0.00123047, 0.117426, 0.156569, 9.80021, -0.106812, 0.0152588, -0.0305176, 21.8074, 92213.9
19043, 0.00287109, -0.000410156, 0.00123047, 0, 0.110087, 0.161461, 9.78554, -0.137329, -0.0610352, 0, 21.8176, 92213.6
19053, 0.00205078, -0.000410156, 0.000820312, 0.00328125, 0.127212, 0.161461, 9.76107, -0.0762939, -0.0152588, -0.0152588, 21.803, 92213.5
19063, 0.00123047, -0.000410156, 0, 0.00410156, 0.124766, 0.173693, 9.78554, 0, -0.0152588, 0, 21.817, 92213.3
19073, 0.000820312, 0.00123047, -0.00123047, 0.00410156, 0.144337, 0.173693, 9.80021, -0.0457764, -0.0152588, 0.0305176, 21.8081, 92213.5
19093, 0.00205078, 0.000820312, 0.00164062, 0.00164062, 0.117426, 0.146783, 9.78309, -0.0305176, -0.0305176, 0.0305176, 21.8095, 92213.2
19103, 0.00246094, 0.000410156, 0.00246094, 0.00164062, 0.112534, 0.159015, 9.79777, -0.0457764, -0.0152588, 0.0305176, 21.8006, 92213.7
19113, 0.00410156, 0.000410156, 0.000410156, 0, 0.117426, 0.156569, 9.82223, -0.0762939, -0.0152588, 0.0762939, 21.8125, 92213.6
19123, 0.000820312, 0, 0.00123047, 0, 0.11498, 0.146783, 9.79532, -0.152588, 0, 0, 21.8056, 92213.2
19133, 0.000820312, 0.000410156, 0.000410156, 0.00205078, 0.11498, 0.151676, 9.79777, -0.12207, 0.0915527, 0.0610352, 21.8041, 92213.5
19143, 0.00246094, 0.000410156, 0.000410156, 0.000820312, 0.122319, 0.159015, 9.78554, -0.0305176, -0.0152588, 0.0762939, 21.8078, 92213.9
19153, 0.00164062, 0.00164062, 0, 0.00287109, 0.124766, 0.14189, 9.80021, -0.0915527, -0.0305176, 0.0305176, 21.8041, 92213.6
19163, -0.000820312, 0.00164062, -0.000820312, 0.000820312, 0.14189, 0.151676, 9.79043, -0.0915527, -0.0152588, 0.0457764, 21.8047, 92213.4
19183, 0.000820312, 0.00164062, 0.00205078, 0.00205078, 0.156569, 0.168801, 9.77575, -0.0457764, 0.0152588, 0.0152588, 21.7987, 92213.5
19193, 0.00123047, 0.000410156, 0.000410156, 0.00164062, 0.134551, 0.168801, 9.78309, -0.0915527, -0.0152588, 0.0457764, 21.8028, 92213.2
19203, 0.00246094, 0.00123047, 0.000410156, 0.000820312, 0.132105, 0.159015, 9.80755, -0.0610352, 0.0305176, 0.0152588, 21.8026, 92213.9
19213, 0, 0.00123047, 0, 0.00246094, 0.139444, 0.139444, 9.77086, -0.0610352, 0, 0.0152588, 21.8049, 92213.3
19223, 0.00123047, -0.00205078, -0.00123047, 0.00246094, 0.119873, 0.159015, 9.79288, -0.0915527, 0.0457764, 0.0152588, 21.8112, 92213.3
19233, 0.00123047, 0.00205078, 0, 0.00410156, 0.110087, 0.159015, 9.79532, -0.0915527, -0.0762939, 0.0457764, 21.7999, 92213.1
19243, 0.000410156, 0.000820312, 0.00246094, 0.00246094, 0.0978554, 0.159015, 9.78554, -0.0610352, 0, 0.0610352, 21.8052, 92213.6
19263, 0.00328125, 0, 0.000820312, 0.00410156, 0.107641, 0.163908, 9.82223, -0.0915527, -0.0457764, 0.0305176, 21.8144, 92213.3
19273, 0.00123047, 0, 0.000820312, 0.00123047, 0.107641, 0.17614, 9.79288, -0.0762939, -0.0457764, 0, 21.7969, 92213.1
19283, 0.00287109, 0.00164062, 0.00164062, 0.00123047, 0.124766, 0.181032, 9.76841, -0.0305176, -0.0610352, 0.0457764, 21.8055, 92213.4
19293, 0.00287109, 0.00123047, -0.000410156, 0.00164062, 0.129658, 0.181032, 9.78554, -0.0610352, -0.0457764, 0.0457764, 21.8095, 92213.4
19303, 0.00246094, -0.00123047, -0.000410156, 0.00246094, 0.129658, 0.173693, 9.81, -0.0152588, -0.0152588, 0.0610352, 21.8088, 92213.5
19313, 0.00205078, -0.00205078, 0.00123047, 0.00164062, 0.11498, 0.163908, 9.79043, -0.0915527, -0.0762939, 0.0762939, 21.8079, 92213.5
19323, 0.00246094, -0.00205078, 0.00369141, -0.000410156, 0.117426, 0.161461, 9.78554, 0.0152588, -0.0152588, 0.0457764, 21.7989, 92213.1
19333, 0.00287109, 0.00287109, 0, -0.000410156, 0.122319, 0.144337, 9.81734, -0.0610352, 0.0305176, 0.0457764, 21.7966, 92213.6
19353, 0.00205078, 0.00123047, -0.00123047, 0.00246094, 0.124766, 0.14189, 9.79288, -0.0457764, 0.0152588, -0.0152588, 21.815, 92213.2
19363, 0.00164062, 0, 0, 0.00328125, 0.134551, 0.156569, 9.77575, -0.0610352, -0.106812, 0.0305176, 21.8173, 92213.5
19373, 0.00164062, 0, 0.000820312, 0, 0.139444, 0.166354, 9.7782, -0.0305176, -0.0457764, -0.0152588, 21.8089, 92213.5
19383, 0.00246094, -0.000410156, 0.00164062, 0, 0.144337, 0.171247, 9.80021, -0.0610352, 0, 0.0457764, 21.8162, 92214
19393, 0.00246094, -0.000820312, -0.000410156, 0.00164062, 0.132105, 0.188372, 9.7782, -0.0610352, -0.0762939, 0.0762939, 21.8097, 92213.4
19403, -0.00164062, 0, -0.000410156, 0.00451172, 0.144337, 0.151676, 9.79777, -0.0915527, 0.0457764, 0, 21.7991, 92213.8
19413, 0.00123047, 0.000410156, 0.00164062, 0.00246094, 0.122319, 0.161461, 9.79043, -0.0457764, 0, 0.0610352, 21.7979, 92213.9
19433, 0.00123047, 0.000820312, -0.000410156, 0.00205078, 0.119873, 0.132105, 9.78554, -0.0457764, 0, 0.0457764, 21.8136, 92212.6
19443, 0.00123047, 0, 0.00246094, 0.00164062, 0.112534, 0.151676, 9.78309, -0.0610352, -0.0457764, 0.0610352, 21.8081, 92213.8
19453, 0.00410156, 0.000820312, 0.00123047, 0.00246094, 0.107641, 0.144337, 9.78064, -0.0762939, 0.0457764, 0.0457764, 21.8094, 92213.8
19463, 0, -0.00164062, 0.00123047, 0.00205078, 0.11498, 0.151676, 9.8785, -0.0762939, -0.0762939, 0.0457764, 21.8104, 92213.5
19473, 0.00287109, -0.00164062, 0.00205078, 0.000820312, 0.11498, 0.151676, 9.86382, 0, -0.0915527, 0.0915527, 21.811, 92213.2
19483, 0.00410156, -0.00123047, 0, 0, 0.105195, 0.171247, 9.73661, -0.0915527, -0.0610352, -0.0152588, 21.8063, 92213.5
19493, 0.00164062, 0.000410156, -0.000820312, 0, 0.119873, 0.161461, 9.76352, -0.0762939, -0.0305176, 0.0305176, 21.7967, 92213.9
19503, 0.00164062, 0.00287109, 0.00123047, 0.00328125, 0.129658, 0.171247, 9.81245, -0.0152588, -0.0305176, 0.0610352, 21.7987, 92213
19523, 0.00451172, 0.00205078, 0.00164062, 0.000410156, 0.144337, 0.159015, 9.78064, 0.0457764, -0.0305176, 0.0915527, 21.8059, 92213.2
19533, 0.00287109, 0.00205078, 0.00205078, 0.00205078, 0.124766, 0.146783, 9.73906, -0.0610352, -0.0762939, 0.0915527, 21.8181, 92213.3
19543, 0.000820312, 0.00287109, 0.00328125, 0.00205078, 0.117426, 0.159015, 9.83691, 0.0152588, -0.0305176, 0.0152588, 21.8079, 92213.6
19553, 0.000820312, 0.000410156, 0.000410156, -0.00123047, 0.117426, 0.146783, 9.83446, -0.0915527, -0.0152588, 0, 21.812, 92213.7
19563, 0.00246094, 0.00164062, 0.000410156, 0.00123047, 0.14189, 0.127212, 9.79288, -0.0152588, 0.0610352, -0.0457764, 21.7979, 92213.6
19573, 0.000820312, 0.000820312, 0.00205078, 0.000410156, 0.119873, 0.146783, 9.75129, -0.0152588, -0.0305176, 0.0152588, 21.8013, 92213.6
19583, 0.00205078, 0.000820312, 0.00369141, 0.00287109, 0.129658, 0.161461, 9.76107, 0.0305176, -0.0610352, 0.0305176, 21.8176, 92213.2
19593, 0, 0.000410156, 0.00164062, 0.00287109, 0.122319, 0.154122, 9.82468, -0.0610352, -0.0305176, 0.0305176, 21.8165, 92213.9
19613, 0.000410156, 0.00123047, 0, 0.00123047, 0.11498, 0.173693, 9.75863, -0.0915527, -0.0305176, 0.0152588, 21.8107, 92213
19623, 0.00287109, 0.00123047, 0.00205078, 0, 0.119873, 0.178586, 9.76352, -0.0457764, 0, 0, 21.8153, 92214
19633, 0.000820312, 0.00123047, 0.00205078, 0.000820312, 0.122319, 0.171247, 9.80511, -0.0305176, 0, 0.0152588, 21.815, 92213.6
19643, 0.00369141, 0.00369141, 0.00123047, 0.000820312, 0.127212, 0.171247, 9.84914, -0.0610352, 0.0152588, 0.0305176, 21.813, 92213.6
19653, 0.00369141, 0, 0.000410156, 0.000410156, 0.122319, 0.144337, 9.80755, -0.0610352, 0.0305176, 0.0762939, 21.811, 92213.8
19663, 0.00123047, 0.00123047, 0.00123047, 0.00502441, 0.100302, 0.14189, 9.76597, -0.106812, 0.0305176, 0.0457764, 21.7989, 92213.5
19673, 0.00205078, 0.000820312, 0.00123047, 0.00246094, 0.119873, 0.168801, 9.77086, -0.0610352, 0.0915527, -0.0305176, 21.8086, 92213.3
19693, 0.000820312, 0.000820312, 0.00205078, 0.00164062, 0.127212, 0.173693, 9.80021, -0.106812, -0.0610352, -0.0152588, 21.8121, 92214
19703, 0.00164062, -0.00205078, 0.00123047, 0.00164062, 0.139444, 0.171247, 9.7782, -0.0610352, -0.0305176, 0.0305176, 21.8126, 92213
19713, 0.00164062, 0.00287109, 0.00123047, 0.00123047, 0.151676, 0.168801, 9.78798, -0.0762939, -0.0457764, 0.0305176, 21.8057, 92213.2
19723, 0, 0.000820312, 0.00123047, 0.000410156, 0.149229, 0.171247, 9.82712, 0.0152588, -0.0305176, 0.0152588, 21.8131, 92213.5
19733, 0.00328125, -0.000410156, 0.000410156, 0.000820312, 0.151676, 0.146783, 9.80021, -0.0610352, 0, 0.106812, 21.824, 92213.3
19743, 0.00123047, -0.000410156, 0.000820312, 0.00123047, 0.132105, 0.132105, 9.78554, -0.0915527, 0.0610352, 0.0610352, 21.8153, 92213
19753, 0.00369141, 0.00164062, 0.000820312, 0.00123047, 0.122319, 0.156569, 9.80511, -0.0915527, 0.0915527, 0.0457764, 21.8121, 92213.4
19763, 0.00369141, 0, 0.00328125, 0.000820312, 0.124766, 0.159015, 9.78064, -0.137329, -0.0152588, 0.0152588, 21.8197, 92213.2
19783, 0.00246094, 0.00287109, 0.00164062, 0.000820312, 0.117426, 0.173693, 9.78554, -0.152588, 0.0762939, -0.0152588, 21.8187, 92213.1
19793, 0.00369141, 0.00287109, 0.00164062, 0.00369141, 0.122319, 0.181032, 9.76107, -0.12207, 0.0305176, -0.0152588, 21.8119, 92212.9
19803, 0.00123047, 0.00164062, -0.00123047, 0.00369141, 0.11498, 0.163908, 9.78798, 0.0152588, -0.0762939, 0.0457764, 21.8114, 92213.9
19813, 0.00123047, 0.00123047, 0.00123047, 0.00451172, 0.117426, 0.163908, 9.80755, -0.0762939, -0.0305176, -0.0152588, 21.8254, 92213.6
19823, 0.00123047, 0.00164062, 0.00123047, 0.00164062, 0.127212, 0.183479, 9.76352, -0.0762939, -0.0305176, 0.0762939, 21.8091, 92213.5
19833, 0.00410156, 0.00123047, 0.000410156, 0.00205078, 0.124766, 0.183479, 9.76841, -0.0762939, 0.0457764, 0.0610352, 21.8212, 92214
19843, 0.00123047, 0.00123047, 0.00246094, -0.000410156, 0.127212, 0.149229, 9.79532, -0.0457764, -0.0152588, 0.0762939, 21.8277, 92212.8
19863, 0.00164062, 0.00205078, -0.000410156, 0.00123047, 0.107641, 0.156569, 9.82957, -0.0610352, 0.0152588, 0, 21.8144, 92213.3
19873, 0.00164062, 0.00328125, 0, 0.00164062, 0.110087, 0.161461, 9.79288, -0.0610352, 0.137329, 0.0305176, 21.8213, 92213.2
19883, 0.00123047, 0.00123047, 0, 0.00164062, 0.11498, 0.139444, 9.81489, -0.0305176, 0.0457764, 0.0610352, 21.8065, 92213.6
19893, 0.00123047, 0.00123047, 0, 0.00123047, 0.122319, 0.151676, 9.80021, -0.183105, 0.0457764, 0.0152588, 21.8186, 92213.4
19903, 0.000820312, -0.00123047, 0.00205078, 0.00287109, 0.146783, 0.149229, 9.78554, -0.137329, 0.0152588, 0.0152588, 21.819, 92213.5
19913, 0, 0.00246094, 0.000410156, 0.00287109, 0.156569, 0.173693, 9.7733, -0.0915527, 0, 0.0457764, 21.8058, 92213.2
19923, 0, -0.00123047, -0.00123047, 0.00246094, 0.149229, 0.173693, 9.75129, -0.137329, 0.0457764, -0.0152588, 21.8094, 92213.1
19933, 0.00205078, 0.00164062, -0.00123047, 0.00287109, 0.168801, 0.171247, 9.78309, -0.12207, 0.0610352, 0.0305176, 21.8107, 92213.1
19953, 0.00369141, -0.000820312, 0.00205078, 0.00287109, 0.134551, 0.181032, 9.80266, -0.0457764, 0.0305176, 0.0610352, 21.8105, 92213.5
19963, 0.00287109, -0.000820312, 0.00164062, 0.00287109, 0.132105, 0.149229, 9.80511, -0.106812, -0.0762939, 0.0610352, 21.8194, 92213.5
19973, 0.00287109, 0.00369141, 0.00246094, 0.00287109, 0.117426, 0.154122, 9.81489, -0.0457764, -0.0610352, 0.0152588, 21.8208, 92213.4
19983, 0.00205078, 0.00205078, 0.00246094, 0.00369141, 0.112534, 0.149229, 9.78309, 0.0152588, -0.0915527, 0.0610352, 21.8131, 92213.5
19993, 0.00328125, 0.000410156, 0.000410156, 0.00410156, 0.105195, 0.144337, 9.76597, -0.0610352, -0.0762939, 0.0610352, 21.8099, 92213.5
20003, 0.00164062, 0.000410156, 0.00123047, 0.00164062, 0.102748, 0.154122, 9.79777, -0.0152588, -0.12207, 0.0457764, 21.8059, 92213.7
20013, 0.00164062, 0.00123047, 0.000410156, 0.00164062, 0.124766, 0.161461, 9.79288, -0.0915527, -0.0457764, 0, 21.8042, 92214.2
20033, 0.00451172, 0.00246094, -0.000820312, 0.00164062, 0.119873, 0.168801, 9.81, -0.0610352, -0.0305176, -0.0457764, 21.8193, 92213.5
20043, 0.00287109, -0.000410156, 0.000820312, 0.00164062, 0.127212, 0.168801, 9.81, -0.0305176, 0.0457764, 0, 21.8104, 92213.8
20053, 0.00205078, -0.000410156, 0.000820312, -0.000410156, 0.100302, 0.163908, 9.81489, -0.0152588, 0.0152588, 0.0457764, 21.8166, 92213.3
20063, 0.00123047, -0.00123047, -0.000410156, -0.000410156, 0.105195, 0.151676, 9.81734, 0.0152588, -0.0152588, 0.0762939, 21.815, 92213.3
20073, 0.00246094, -0.00205078, -0.00205078, 0.00205078, 0.124766, 0.159015, 9.75863, 0, -0.0305176, 0.0610352, 21.8231, 92213.2
20083, 0.00246094, 0.00123047, 0.000820312, 0.00246094, 0.124766, 0.144337, 9.80266, -0.0152588, 0.0152588, -0.0305176, 21.8229, 92213.5
20093, 0.00246094, -0.00164062, 0.000820312, 0.000820312, 0.122319, 0.159015, 9.78309, -0.106812, 0.0610352, 0.0152588, 21.8123, 92213.8
20103, 0.00164062, -0.00164062, 0.00246094, 0.00164062, 0.11498, 0.168801, 9.79532, -0.0762939, 0.0457764, 0.0610352, 21.8198, 92213.4
20123, 0.00287109, 0.000410156, 0.00164062, 0, 0.136998, 0.173693, 9.79777, -0.0915527, 0.0152588, -0.0152588, 21.821, 92213.6
20133, 0.00287109, 0.00246094, 0.00287109, 0.000410156, 0.127212, 0.161461, 9.79288, -0.106812, -0.0457764, 0.0152588, 21.8175, 92213
20143, 0.00246094, 0.00328125, 0.00287109, 0.00123047, 0.146783, 0.159015, 9.78309, 0, 0.0305176, 0.0305176, 21.8202, 92212.8
20153, 0.00451172, 0.00328125, -0.000410156, 0.00205078, 0.122319, 0.156569, 9.78309, 0, 0.0610352, 0.0457764, 21.819, 92213.2
20163, 0.000820312, -0.00205078, 0.00205078, 0.00123047, 0.129658, 0.166354, 9.78554, 0.0457764, 0, 0.0152588, 21.8182, 92213.3
20173, 0.00369141, 0.000820312, 0.000410156, 0.00123047, 0.134551, 0.154122, 9.79777, -0.0152588, 0.0305176, 0.0457764, 21.8348, 92213.2
20183, 0.00369141, 0.00123047, 0.000410156, 0.00123047, 0.127212, 0.168801, 9.80755, -0.0457764, 0.0305176, 0.0457764, 21.8322, 92213.2
20203, 0.00369141, 0.00205078, 0.00246094, 0.00164062, 0.110087, 0.161461, 9.76597, 0, -0.0915527, 0, 21.827, 92213.7
20213, 0.00369141, 0.00205078, -0.000410156, 0.00123047, 0.112534, 0.161461, 9.79777, -0.0610352, -0.0152588, -0.0305176, 21.8173, 92213.2
20223, 0.00369141, 0.000820312, 0.000820312, 0.00123047, 0.107641, 0.171247, 9.80755, -0.0152588, -0.0457764, 0.0457764, 21.8201, 92213
20233, 0.00369141, 0.00287109, 0.00287109, 0.00246094, 0.119873, 0.166354, 9.83691, -0.106812, 0.0152588, 0.0305176, 21.8031, 92213.2
20243, 0.00246094, 0.00123047, 0.00287109, 0.00246094, 0.129658, 0.156569, 9.79777, -0.0610352, 0.0762939, 0.0457764, 21.8175, 92213.2
20253, 0.00164062, -0.000820312, -0.000820312, 0.00123047, 0.127212, 0.188372, 9.78798, -0.0915527, 0.0610352, 0.0457764, 21.8201, 92213.8
20263, 0.000410156, -0.000820312, 0.00123047, 0.00287109, 0.14189, 0.161461, 9.80021, -0.0610352, 0.0457764, -0.0152588, 21.8051, 92213.9
20273, 0.00205078, 0.00287109, 0.000410156, 0.00287109, 0.132105, 0.149229, 9.80266, -0.0457764, -0.0152588, 0.0762939, 21.8051, 92213.4
20293, 0.00164062, 0.000820312, 0.00205078, 0.000820312, 0.139444, 0.156569, 9.7782, 0, -0.0152588, 0.0305176, 21.8094, 92213.5
20303, 0.000820312, 0.00246094, 0.00205078, 0.00328125, 0.14189, 0.146783, 9.78554, -0.0457764, -0.0457764, 0.0762939, 21.8192, 92213.4
20313, 0.00287109, 0.00246094, 0.000820312, 0, 0.156569, 0.161461, 9.80021, 0.0610352, 0.0305176, 0.0610352, 21.8147, 92213.5
20323, 0.00123047, -0.000820312, 0, 0.00369141, 0.154122, 0.159015, 9.7733, -0.0152588, 0, 0.0152588, 21.8193, 92213.8
20333, 0.00246094, 0.00205078, 0.00287109, 0.00369141, 0.146783, 0.146783, 9.79532, -0.0152588, -0.0457764, 0, 21.8035, 92213.4
20343, 0.00246094, 0.000410156, 0.00205078, 0.00328125, 0.14189, 0.156569, 9.78554, -0.137329, 0, -0.0457764, 21.8182, 92213.4
20353, 0.00205078, -0.000410156, 0.00205078, 0.00328125, 0.117426, 0.159015, 9.80755, -0.106812, 0.0610352, 0.0152588, 21.8174, 92213.2
20373, 0.00328125, 0.000410156, 0.00164062, 0.000820312, 0.122319, 0.156569, 9.78554, -0.0152588, -0.0152588, 0, 21.821, 92213.5
20383, 0.000820312, 0.000410156, 0.00123047, 0.000820312, 0.119873, 0.190818, 9.77575, -0.0457764, 0.0152588, 0.0152588, 21.8053, 92213.7
20393, 0.000820312, 0.00164062, 0, 0.000820312, 0.112534, 0.185925, 9.80266, -0.0915527, -0.0610352, 0.0610352, 21.8245, 92213.8
20403, 0.00164062, 0.00246094, 0, 0.00287109, 0.0978554, 0.183479, 9.79532, -0.106812, -0.0152588, 0.0305176, 21.8128, 92213.2
20413, 0.00287109, 0.000820312, 0.00123047, 0.00328125, 0.122319, 0.171247, 9.76352, -0.12207, -0.0152588, 0.0610352, 21.8187, 92213.7
20423, 0.00123047, 0.000820312, 0, 0.00328125, 0.107641, 0.166354, 9.76841, -0.12207, 0.0152588, 0.0610352, 21.8192, 92213.5
20433, 0.00205078, 0.00164062, 0.000410156, 0.00328125, 0.129658, 0.168801, 9.78064, -0.0762939, 0.0305176, 0.0152588, 21.8155, 92213.9
20443, 0.00205078, 0, 0.00287109, 0.00205078, 0.146783, 0.154122, 9.80755, -0.0305176, 0.0457764, 0.0152588, 21.8159, 92213.1
20463, 0.00246094, 0.00164062, 0.000820312, 0.00369141, 0.151676, 0.156569, 9.7782, 0.0152588, -0.0152588, 0.0457764, 21.8137, 92213.2
20473, 0.000410156, 0.00164062, 0.000820312, 0.00164062, 0.146783, 0.161461, 9.80021, 0, 0.0457764, 0.0457764, 21.8121, 92213.3
20483, 0.00164062, 0.00164062, 0.000820312, 0.00164062, 0.146783, 0.151676, 9.81489, 0, -0.137329, 0.0762939, 21.8168, 92213.4
20493, 0.000820312, -0.00287109, 0, 0.00369141, 0.136998, 0.154122, 9.80021, -0.0457764, -0.0610352, 0.0457764, 21.8219, 92213.6
20503, 0.000820312, 0.000410156, 0, 0.00287109, 0.127212, 0.154122, 9.79532, -0.0610352, -0.0457764, 0.0305176, 21.8129, 92213.4
20513, 0.00164062, 0.00246094, 0, 0.000410156, 0.119873, 0.146783, 9.78309, -0.0762939, 0.0762939, 0.0762939, 21.824, 92213.4
20523, 0.00246094, 0.00246094, 0.00123047, 0.00328125, 0.110087, 0.149229, 9.79777, -0.167847, -0.0610352, 0.0610352, 21.8158, 92213
20543, 0.00502441, 0.00164062, -0.00123047, 0.00369141, 0.105195, 0.151676, 9.80021, -0.137329, 0.0152588, 0, 21.8227, 92213.5
20553, 0.00502441, 0, 0.000820312, 0.00287109, 0.110087, 0.163908, 9.78309, -0.0610352, 0.0610352, 0, 21.8213, 92213.5
20563, 0.00164062, -0.000410156, 0.000820312, 0.00164062, 0.117426, 0.163908, 9.81734, -0.137329, -0.0610352, -0.0305176, 21.8279, 92213.5
20573, 0.00205078, -0.000410156, 0.000410156, 0.00123047, 0.095409, 0.173693, 9.78798, -0.0610352, 0.0152588, 0.0610352, 21.8287, 92213.3
20583, 0.00328125, -0.000820312, 0.000820312, -0.000410156, 0.105195, 0.161461, 9.78798, -0.0610352, 0.0610352, -0.0305176, 21.8162, 92213.1
20593, 0.00287109, 0.00246094, 0.00369141, -0.000410156, 0.100302, 0.17614, 9.79288, -0.12207, 0.0610352, 0.0457764, 21.8212, 92213.2
20603, 0.00287109, 0.00205078, -0.000820312, 0, 0.119873, 0.168801, 9.79043, -0.0610352, 0.0915527, 0.0457764, 21.8294, 92213.3
20613, 0.000820312, -0.00205078, -0.000820312, 0.00246094, 0.129658, 0.144337, 9.81245, -0.167847, 0.0305176, 0.0305176, 21.821, 92213.8
20633, 0, 0, -0.00123047, 0.00205078, 0.132105, 0.156569, 9.78798, 0, 0.0762939, -0.0152588, 21.8147, 92212.9
20643, 0.00123047, 0.00123047, 0.000410156, 0.00205078, 0.119873, 0.144337, 9.77575, -0.0305176, 0, 0.0762939, 21.8211, 92213.2
20653, 0.000820312, -0.000820312, 0.00123047, 0.00287109, 0.159015, 0.149229, 9.79288, -0.0305176, 0.0152588, 0.0305176, 21.8135, 92213.4
20663, 0.000820312, 0.00123047, 0.00123047, 0.00451172, 0.161461, 0.149229, 9.82468, -0.0915527, 0.0610352, 0, 21.8221, 92213.5
20673, 0.000410156, 0.000410156, -0.00123047, 0.00369141, 0.166354, 0.149229, 9.79043, -0.0762939, -0.0610352, 0.0152588, 21.8252, 92213.3
20683, 0.00205078, 0.000410156, 0, 0.00123047, 0.156569, 0.161461, 9.76841, -0.0457764, -0.0457764, 0.0610352, 21.8251, 92213
20693, 0.00287109, 0.000820312, 0.00246094, 0.00123047, 0.144337, 0.149229, 9.79532, -0.0152588, -0.0152588, 0.0610352, 21.817, 92213.4
20713, 0.00246094, 0, 0.00246094, 0.00369141, 0.122319, 0.17614, 9.80755, -0.0457764, -0.0457764, 0.0915527, 21.8242, 92213.5
20723, 0.000820312, 0.000820312, 0.00246094, 0.00328125, 0.110087, 0.163908, 9.79532, 0, 0.0305176, 0.0762939, 21.8244, 92213.1
20733, 0.00164062, 0.000820312, 0.000820312, -0.000410156, 0.107641, 0.163908, 9.78309, -0.0762939, -0.0610352, 0, 21.8229, 92213.8
20743, 0.00328125, -0.000410156, 0.00287109, 0.00205078, 0.0978554, 0.171247, 9.79288, 0.0152588, -0.0610352, -0.0152588, 21.8327, 92213.4
20753, 0.000820312, 0.000820312, 0.000410156, 0.00205078, 0.105195, 0.178586, 9.79043, -0.0457764, 0.0152588, 0.0610352, 21.8184, 92213.5
20763, 0.000820312, 0.000410156, 0.00205078, 0.000820312, 0.110087, 0.181032, 9.79532, -0.0915527, -0.0762939, 0.0457764, 21.8178, 92213.1
20773, 0.00246094, 0.00164062, 0.00205078, 0.000820312, 0.105195, 0.168801, 9.7782, 0, 0.0152588, 0.0915527, 21.8194, 92213.3
20783, 0.000820312, 0.00164062, 0.00123047, 0.00246094, 0.110087, 0.181032, 9.78798, -0.0915527, -0.0152588, 0.0762939, 21.8229, 92213.2
20803, 0.00205078, 0.00164062, -0.00123047, 0.00123047, 0.134551, 0.163908, 9.78309, -0.0610352, 0.0152588, 0.0610352, 21.8212, 92212.3
20813, 0.00205078, 0.00164062, 0.00205078, 0.000410156, 0.149229, 0.154122, 9.78064, -0.0305176, 0.0152588, 0.0610352, 21.8231, 92213.1
20823, 0.00164062, -0.000410156, 0.00205078, 0.00369141, 0.127212, 0.149229, 9.80755, 0, 0.0305176, 0.0457764, 21.8224, 92213.8
20833, 0.00205078, 0.00123047, 0.000820312, 0.00287109, 0.129658, 0.151676, 9.81, -0.0152588, -0.0762939, -0.0152588, 21.82, 92213.4
20843, 0.00164062, 0.00123047, 0.000820312, 0.00164062, 0.136998, 0.144337, 9.79288, -0.0152588, -0.0610352, 0.0305176, 21.8208, 92213.2
20853, 0.00164062, 0.00164062, 0.000410156, 0.00164062, 0.14189, 0.144337, 9.7733, -0.0152588, 0.0152588, 0.0457764, 21.8185, 92212.9
20863, 0.000820312, 0.00287109, 0, 0.00123047, 0.134551, 0.166354, 9.78798, -0.0152588, -0.0610352, 0.0305176, 21.833, 92213.1
20883, 0.00410156, 0.00205078, 0, 0.00246094, 0.14189, 0.161461, 9.78798, -0.0915527, -0.0305176, -0.0305176, 21.8386, 92213.2
20893, 0.00246094, 0.00205078, 0.000410156, 0.00369141, 0.14189, 0.166354, 9.78798, -0.0762939, -0.0305176, 0.0305176, 21.8333, 92213.8
20903, 0.00328125, -0.00287109, 0.00164062, 0.00369141, 0.129658, 0.159015, 9.79777, -0.0152588, -0.0457764, 0.0610352, 21.8197, 92213.2
20913, 0.000820312, -0.000410156, -0.000820312, 0.00451172, 0.136998, 0.163908, 9.79043, -0.0305176, 0.0305176, 0.106812, 21.8211, 92214
20923, 0.000820312, 0.00246094, -0.000410156, 0.00123047, 0.129658, 0.163908, 9.79043, 0.0762939, -0.0610352, 0.0305176, 21.8248, 92213.2
20933, 0.00164062, 0, -0.000410156, 0.00164062, 0.117426, 0.156569, 9.78798, 0, -0.0915527, 0.0610352, 21.8383, 92213.3
20943, 0.00164062, 0, 0.000410156, 0.00164062, 0.119873, 0.154122, 9.79288, -0.0152588, -0.0915527, 0.0152588, 21.835, 92213.2
20953, 0.000820312, 0.000410156, 0, 0.00287109, 0.105195, 0.161461, 9.79532, -0.0305176, 0, 0.0610352, 21.8184, 92213.6
20973, 0.00123047, 0.000820312, 0.00123047, 0.000410156, 0.119873, 0.159015, 9.79777, -0.0762939, 0, 0.0457764, 21.8268, 92213
20983, 0.00246094, 0, 0.00123047, 0, 0.107641, 0.154122, 9.79532, 0.0610352, -0.0305176, 0.0610352, 21.8089, 92213.6
20993, 0.00287109, 0, 0.00369141, 0.00246094, 0.102748, 0.161461, 9.79288, -0.0762939, 0.0457764, 0.0610352, 21.8237, 92213
21003, 0.00328125, -0.000820312, 0.00246094, 0.00164062, 0.134551, 0.171247, 9.78798, 0.0152588, 0.0305176, 0.0762939, 21.8218, 92213.4
21013, 0, 0.00164062, 0.00246094, 0.00164062, 0.136998, 0.163908, 9.80021, -0.0457764, 0.0762939, 0.0610352, 21.8046, 92213.3
21023, 0, 0.000820312, 0.00287109, 0.00164062, 0.127212, 0.161461, 9.80021, -0.12207, -0.0305176, 0.0305176, 21.8085, 92213.4
21033, 0.00246094, 0.000410156, 0.00287109, 0.00287109, 0.139444, 0.161461, 9.79777, -0.106812, 0, 0.0915527, 21.812, 92213.8
21043, 0.00451172, 0.000410156, -0.000410156, 0.00328125, 0.124766, 0.146783, 9.81734, 0.0152588, -0.0152588, 0.0457764, 21.823, 92213.5
21063, -0.000410156, -0.00123047, 0.00246094, 0, 0.124766, 0.156569, 9.79532, -0.0305176, -0.0305176, 0, 21.8098, 92212.9
21073, 0.00164062, 0, 0.00205078, 0.000820312, 0.127212, 0.156569, 9.80266, -0.137329, -0.0305176, 0.0457764, 21.8164, 92213.6
21083, 0.00164062, 0.00123047, 0.00205078, 0.00246094, 0.139444, 0.166354, 9.79777, -0.0762939, 0.0610352, 0.0152588, 21.8178, 92213.6
21093, 0.00287109, 0.00164062, 0.00164062, 0.00328125, 0.124766, 0.156569, 9.81245, -0.0915527, 0.0457764, 0.0610352, 21.8177, 92213.4
21103, 0.00123047, 0.00164062, 0.00123047, 0.000410156, 0.129658, 0.166354, 9.7782, -0.0457764, -0.0457764, 0.0457764, 21.8144, 92213.3
21113, 0.000410156, 0.00205078, 0.000410156, 0.000410156, 0.139444, 0.171247, 9.77086, -0.0610352, 0.0152588, 0.0762939, 21.8179, 92213.1
21123, 0.000820312, 0.000410156, 0.00328125, 0.00205078, 0.144337, 0.163908, 9.78309, 0, -0.106812, 0.106812, 21.8127, 92213.8
21143, 0.00369141, 0.000410156, 0.000410156, 0.00205078, 0.144337, 0.159015, 9.79043, -0.0457764, 0, 0.0152588, 21.8224, 92213.3
21153, 0.00410156, 0.000410156, 0.00451172, 0.00123047, 0.129658, 0.166354, 9.81245, 0.0152588, 0.0152588, 0.0457764, 21.8092, 92213.1
21163, 0.00123047, 0.00369141, 0.00287109, 0.00123047, 0.117426, 0.159015, 9.80511, -0.0457764, -0.0152588, 0.0610352, 21.8098, 92213.3
21173, 0.000820312, -0.000820312, 0.000820312, 0.00246094, 0.112534, 0.146783, 9.80021, -0.0915527, 0.0457764, 0, 21.8181, 92213.6
21183, 0.000820312, -0.000820312, 0.000410156, 0.00410156, 0.0929626, 0.151676, 9.79043, -0.106812, 0.0152588, 0.0305176, 21.8227, 92213.4
21193, 0.00287109, 0.00205078, 0.000410156, 0, 0.117426, 0.151676, 9.78064, -0.106812, -0.0610352, 0.0305176, 21.8145, 92213.3
21203, 0.000820312, 0.00205078, -0.000410156, 0.000820312, 0.124766, 0.178586, 9.78064, -0.152588, 0.0305176, -0.0152588, 21.8139, 92213.8
21213, 0.000820312, 0.000820312, 0.000820312, 0.00287109, 0.156569, 0.149229, 9.78309, -0.0457764, -0.0457764, 0.0305176, 21.8152, 92213.9
21233, 0.00328125, 0.00205078, 0.00205078, 0.000820312, 0.144337, 0.161461, 9.79777, -0.152588, -0.0152588, 0.0762939, 21.8255, 92213.1
21243, 0.00246094, 0.00246094, 0.00205078, 0.00205078, 0.127212, 0.14189, 9.80511, -0.152588, 0, 0.0915527, 21.8152, 92212.9
21253, 0.00369141, 0.00246094, -0.00164062, 0.00246094, 0.11498, 0.144337, 9.82223, -0.0305176, 0.152588, 0, 21.8157, 92214
21263, 0.000820312, 0, 0, 0.00205078, 0.112534, 0.144337, 9.79777, -0.12207, 0.0457764, 0.0152588, 21.8103, 92214.3
21273, 0, 0.00287109, 0.00164062, 0.00205078, 0.107641, 0.144337, 9.81489, -0.198364, 0.137329, 0.0457764, 21.8159, 92213.6
21283, 0.00123047, -0.00123047, -0.000410156, 0.00123047, 0.0978554, 0.149229, 9.84914, -0.213623, 0.228882, -0.0610352, 21.8239, 92213.2
21293, 0.00123047, 0.000410156, -0.000410156, 0.00164062, 0.095409, 0.163908, 9.81489, -0.198364, 0.183105, -0.0152588, 21.828, 92214.1
21313, 0.00328125, 0.00164062, 0.00287109, 0.00205078, 0.110087, 0.163908, 9.74884, -0.106812, 0.228882, 0, 21.8208, 92214
21323, 0.00246094, 0.00205078, 0.00123047, 0.00205078, 0.129658, 0.173693, 9.80266, -0.106812, 0.259399, -0.0305176, 21.8163, 92213.3
21333, 0.000820312, 0, -0.000410156, 0.000820312, 0.146783, 0.185925, 9.80266, -0.106812, 0.305176, 0.0457764, 21.8179, 92214
21343, 0.000820312, 0.000820312, 0.00287109, 0.00123047, 0.154122, 0.17614, 9.7415, -0.0610352, 0.183105, 0.0915527, 21.8152, 92213.6
21353, -0.000820312, 0.00123047, 0.00287109, 0.00164062, 0.154122, 0.178586, 9.73661, -0.12207, 0.259399, 0.0762939, 21.8282, 92213.2
21363, 0.00369141, 0.00123047, 0.00123047, 0.00123047, 0.134551, 0.149229, 9.78309, -0.198364, 0.274658, 0.0610352, 21.8179, 92213.1
21373, 0.00205078, 0.00123047, 0.000820312, 0.00123047, 0.136998, 0.144337, 9.80755, -0.167847, 0.198364, 0.0610352, 21.825, 92213.4
21383, -0.00123047, 0, 0.000820312, 0.00205078, 0.112534, 0.149229, 9.79532, -0.12207, 0.0915527, -0.0152588, 21.8165, 92213.8
21403, 0.00123047, 0.00164062, 0.00246094, 0.00246094, 0.117426, 0.161461, 9.80755, -0.0915527, 0.0915527, -0.0457764, 21.8164, 92213.3
21413, 0.00287109, 0.00164062, 0.00287109, 0.00164062, 0.112534, 0.171247, 9.81, -0.106812, 0.0762939, 0.0152588, 21.8248, 92213.6
21423, 0.00246094, 0.000410156, 0.000820312, 0.00205078, 0.105195, 0.173693, 9.76352, -0.106812, -0.0610352, -0.0152588, 21.8283, 92213.5
21433, 0.000410156, -0.00246094, 0.00287109, 0.00205078, 0.117426, 0.171247, 9.73172, -0.0152588, 0.0915527, 0.0152588, 21.8182, 92213.7
21443, 0.00410156, 0.00123047, 0.000820312, 0.000410156, 0.124766, 0.17614, 9.78554, -0.0305176, 0.0610352, -0.0152588, 21.8197, 92213.3
21453, 0.00410156, -0.000410156, 0.000820312, 0.00205078, 0.127212, 0.183479, 9.83936, -0.0762939, -0.0457764, 0.0457764, 21.8251, 92213.2
21463, 0.00246094, -0.000410156, 0.00205078, 0.00246094, 0.119873, 0.166354, 9.77575, -0.0457764, 0.0152588, 0.0762939, 21.8336, 92213.6
21483, 0.00205078, 0.00164062, 0.000410156, 0.00328125, 0.100302, 0.161461, 9.82468, -0.0457764, 0.0305176, 0.0610352, 21.8237, 92213.7
21493, 0.00287109, 0, 0.00328125, 0.000820312, 0.107641, 0.144337, 9.81734, -0.106812, -0.0305176, 0.0152588, 21.8196, 92213.1
21503, 0.00287109, -0.000820312, 0.00328125, -0.000410156, 0.112534, 0.139444, 9.75863, -0.137329, 0.0610352, 0, 21.8258, 92213.5
21513, 0, 0.00123047, -0.000410156, 0.00246094, 0.124766, 0.144337, 9.76597, -0.106812, 0.0305176, 0.0152588, 21.8205, 92213.5
21523, 0.00205078, 0.00123047, 0, 0.00328125, 0.122319, 0.161461, 9.80511, -0.0762939, 0.0610352, -0.0305176, 21.8341, 92213.5
21533, 0.000410156, 0, 0.000820312, 0.00328125, 0.146783, 0.168801, 9.79777, -0.0152588, -0.0305176, 0.0457764, 21.8268, 92213.4
21543, 0.000820312, 0.00369141, 0.00123047, 0.00164062, 0.154122, 0.161461, 9.62407, 0.0457764, -0.0305176, 0.0152588, 21.8229, 92213
21553, 0.000820312, 0.00123047, 0.00123047, -0.000410156, 0.149229, 0.156569, 9.76597, 0.0457764, 0.0305176, 0.0305176, 21.8187, 92213.2
21573, 0.00246094, 0, -0.00328125, 0.00164062, 0.166354, 0.178586, 9.85159, -0.0915527, 0, 0.137329, 21.8291, 92213.8
21583, 0.000820312, 0.000820312, 0.000410156, 0.00164062, 0.134551, 0.159015, 9.82957, -0.0610352, 0.0305176, 0.0305176, 21.8134, 92213.3
21593, 0.00164062, 0, -0.000820312, 0.00123047, 0.0831771, 0.132105, 9.69991, -0.106812, 0, 0, 21.8293, 92213.5
21603, 0.00164062, -0.00205078, -0.00123047, 0.00246094, 0.063606, 0.11498, 9.76352, -0.0915527, 0.12207, -0.0305176, 21.8205, 92213.2
21613, 0.00164062, -0.000410156, -0.00123047, 0.00328125, 0.0415885, 0.132105, 9.86137, -0.0762939, 0.0610352, -0.0152588, 21.8232, 92213.3
21623, 0.00164062, -0.000410156, -0.000820312, 0.00369141, 0.0782843, 0.127212, 9.74884, -0.137329, -0.0152588, -0.0457764, 21.8234, 92213.3
21633, 0.00205078, 0.00164062, 0.00123047, 0.00164062, 0.110087, 0.17614, 9.73172, -0.12207, -0.0610352, -0.0610352, 21.8167, 92213.4
21653, 0.00246094, -0.000410156, 0.000410156, 0.00287109, 0.154122, 0.20305, 9.81979, -0.0152588, 0, -0.0152588, 21.81, 92213.9
21663, 0.00246094, 0.000410156, 0.000410156, 0.00123047, 0.154122, 0.195711, 9.83691, -0.0457764, -0.0152588, 0.0457764, 21.8214, 92213.5
21673, 0.00123047, 0.000410156, 0.00123047, -0.000820312, 0.163908, 0.168801, 9.71704, -0.0457764, 0.0305176, 0.137329, 21.8236, 92213.2
21683, 0.00287109, -0.000410156, 0.00123047, 0.00123047, 0.127212, 0.14189, 9.74884, -0.0152588, 0.0610352, 0.0610352, 21.8274, 92213
21693, 0.00164062, -0.000410156, 0.000410156, 0.00123047, 0.11498, 0.117426, 9.85648, -0.0305176, -0.0610352, 0.0762939, 21.8277, 92213.6
21703, 0.00287109, 0.000410156, -0.000820312, 0.00164062, 0.110087, 0.11498, 9.83936, -0.0152588, 0.0457764, 0.0457764, 21.832, 92213.2
21713, 0.00287109, -0.000820312, -0.000820312, 0.00164062, 0.110087, 0.127212, 9.76352, -0.0762939, -0.0152588, 0, 21.8246, 92213.4
21723, 0, 0.000410156, 0.000410156, 0.00205078, 0.11498, 0.122319, 9.51888, 0.0762939, -0.259399, -0.0305176, 21.8096, 92213.3
21743, 0.00369141, 0, -0.000410156, 0.00369141, 0.149229, 0.181032, 10.062, 0.0610352, -0.244141, 0.0457764, 21.8266, 92213.7
21753, 0.00123047, 0.00205078, 0.00246094, 0.00410156, 0.166354, 0.178586, 10.0767, -0.167847, 0.106812, -0.0305176, 21.8243, 92213.1
21763, 0.00123047, 0.000820312, 0, 0.00164062, 0.159015, 0.166354, 9.79777, -0.228882, 0.167847, 0.0305176, 21.8383, 92213.1
21773, 0.00451172, 0.000410156, 0, 0.00164062, 0.163908, 0.146783, 9.64365, -0.0457764, 0.106812, 0.0457764, 21.8266, 92213.3
21783, 0.00246094, 0.000410156, 0.000820312, 0.00246094, 0.149229, 0.139444, 9.73906, -0.0915527, 0.152588, 0.106812, 21.8326, 92213.7
21793, 0.00123047, -0.00205078, -0.000410156, 0.00246094, 0.117426, 0.139444, 9.89562, -0.152588, 0.12207, 0.152588, 21.8265, 92213.6
21803, 0.000820312, 0.00123047, 0, -0.000820312, 0.0880698, 0.151676, 9.82223, 0.0152588, 0.0152588, 0.183105, 21.8326, 92213.9
21823, -0.00164062, 0.00246094, 0.00164062, 0.00205078, 0.0758379, 0.181032, 9.80266, -0.152588, 0.244141, 0, 21.8321, 92213.2
21833, 0.00410156, 0.00246094, -0.00164062, 0.00369141, 0.0709451, 0.178586, 9.85648, -0.152588, 0.167847, -0.0152588, 21.8232, 92213.2
21843, 0.00246094, 0.000820312, -0.00164062, 0.00410156, 0.0856234, 0.166354, 9.75863, -0.274658, 0.0305176, -0.0457764, 21.815, 92213.2
21853, 0.00287109, 0.00164062, -0.00164062, 0.00410156, 0.119873, 0.17614, 9.67056, -0.0762939, 0.0152588, -0.0610352, 21.8163, 92213.3
21863, 0.00287109, 0, 0.00246094, 0.00287109, 0.154122, 0.154122, 9.54334, 0.12207, 0.0152588, 0.0457764, 21.825, 92213.7
21873, 0.00287109, 0.00123047, 0.00246094, 0, 0.178586, 0.222621, 9.76841, 0.274658, 0.0457764, 0.106812, 21.8405, 92212.7
21883, 0.00246094, 0.00123047, 0.000410156, 0.00246094, 0.154122, 0.171247, 10.3286, -0.0457764, -0.0305176, 0.198364, 21.8239, 92213.5
21893, 0.000410156, 0, 0, 0.000820312, 0.102748, 0.112534, 9.92253, -0.274658, 0.0457764, 0.12207, 21.8284, 92213.1
21913, 0.00287109, 0.00369141, 0.00205078, 0.00123047, 0.0538205, 0.0782843, 9.62407, 0.137329, 0, -0.0457764, 21.828, 92213.1
21923, 0.00287109, 0.000820312, 0.00205078, 0.000820312, 0.119873, 0.112534, 9.98369, -0.0457764, 0.0152588, -0.0610352, 21.8232, 92213.6
21933, 0.000820312, 0.000820312, 0.00205078, 0.00164062, 0.134551, 0.154122, 10.0718, -0.0610352, 0.0762939, -0.0762939, 21.8237, 92213.6
21943, 0.00205078, -0.000410156, 0.000820312, 0.000820312, 0.154122, 0.193264, 9.54579, -0.167847, -0.0457764, -0.0457764, 21.8271, 92212.8
21953, 0.00205078, 0.000820312, -0.000410156, 0.000820312, 0.171247, 0.220175, 9.55802, -0.0762939, -0.198364, 0.0152588, 21.8278, 92213.4
21963, 0, 0, 0.000410156, 0.00410156, 0.178586, 0.205496, 9.98614, -0.0152588, 0.0762939, 0.0305176, 21.825, 92213.5
21973, 0, 0, 0.00164062, 0.00287109, 0.146783, 0.178586, 9.99348, -0.106812, 0.106812, 0.106812, 21.839, 92213.3
21993, 0.000820312, -0.000820312, 0.00205078, 0.00123047, 0.117426, 0.168801, 9.58738, 0.106812, -0.0610352, 0.0610352, 21.8324, 92213.1
22003, 0.00287109, 0.00123047, 0.000410156, 0.00123047, 0.0880698, 0.144337, 9.77575, -0.0610352, 0.0762939, 0.106812, 21.8361, 92213.1
22013, 0.000820312, -0.000820312, 0.000820312, -0.000410156, 0.0342494, 0.122319, 10.0644, -0.0457764, -0.0762939, 0.0152588, 21.8162, 92213.5
22023, 0.000820312, 0.000410156, -0.00205078, 0.00246094, 0.0684988, 0.14189, 9.85893, -0.12207, 0, 0.0305176, 21.8356, 92213.6
22033, -0.000410156, -0.00123047, -0.00205078, 0.000820312, 0.0782843, 0.146783, 9.5727, -0.213623, 0.0915527, -0.0305176, 21.8307, 92212.8
22043, 0.00164062, -0.00123047, 0, 0.00164062, 0.0782843, 0.163908, 9.66322, -0.0915527, 0.0915527, -0.0457764, 21.8291, 92212.8
22053, 0.00205078, 0.00287109, -0.00123047, 0.00123047, 0.0905162, 0.188372, 9.39901, 0.595093, -0.701904, -0.0305176, 21.8345, 92213.2
22063, 0.000410156, -0.00164062, 0.00246094, 0.00123047, 0.173693, 0.237299, 10.1623, 0.289917, -0.488281, -0.0610352, 21.8246, 92213.4
22083, 0.000410156, -0.000820312, 0.00123047, 0.00164062, 0.166354, 0.117426, 9.83202, -0.656128, 0.396728, 0.0152588, 21.8334, 92213.5
22093, 0.000410156, -0.000820312, -0.00205078, 0.000410156, 0.11498, 0.0978554, 9.38922, -0.198364, 0.320435, 0.0915527, 21.8312, 92213.6
22103, 0.000410156, 0.000820312, 0.00205078, 0, 0.171247, 0.146783, 9.31828, 0.473022, 0.152588, 0.137329, 21.8319, 92212.8
22113, 0.00246094, 0.00164062, 0.00123047, 0, 0.161461, 0.183479, 10.1403, -0.106812, 0.0915527, 0.183105, 21.8371, 92213
22123, 0.00287109, 0.000410156, 0.000820312, 0.00164062, 0.0587132, 0.112534, 10.2552, -0.167847, -0.0152588, 0.137329, 21.827, 92213.5
22133, 0.00287109, -0.000410156, 0.000820312, 0.00246094, 0.0440349, 0.14189, 9.52377, -0.167847, -0.106812, -0.0152588, 21.8438, 92213.3
22143, 0.00328125, -0.000410156, 0.00287109, 0.00410156, 0.102748, 0.159015, 9.62407, -0.213623, 0.152588, -0.0762939, 21.8203, 92213.3
22163, 0.000820312, 0.00328125, -0.000410156, 0.000820312, 0.0758379, 0.122319, 10.0008, -0.320435, -0.12207, -0.0915527, 21.8379, 92213.4
22173, 0.000820312, -0.000410156, -0.000410156, 0.00164062, 0.151676, 0.154122, 9.82712, -0.0610352, -0.183105, -0.0610352, 21.8356, 92213.4
22183, 0.000820312, -0.00123047, 0, 0.000410156, 0.195711, 0.195711, 9.47974, 0, 0, 0.0152588, 21.843, 92213.5
22193, 0.000820312, 0.00205078, 0, 0.00164062, 0.195711, 0.210389, 9.81245, -0.0762939, 0.106812, 0.0610352, 21.8355, 92212.8
22203, 0, 0.00205078, 0.000410156, 0, 0.136998, 0.193264, 10.0669, 0.137329, 0.213623, 0.0915527, 21.8282, 92213
22213, 0.00246094, -0.000820312, 0.00164062, 0, 0.102748, 0.190818, 9.82712, -0.183105, -0.198364, 0.167847, 21.8252, 92213.6
22223, 0, 0.00369141, 0.00164062, 0.00502441, 0.107641, 0.185925, 9.55313, -0.289917, -0.259399, 0.106812, 21.8272, 92214
22233, 0, 0.000820312, -0.000410156, -0.000410156, 0.0758379, 0.144337, 9.55558, 0, 0.0915527, 0.0152588, 21.8251, 92212.9
22253, 0.00328125, 0.000410156, 0.00328125, 0.00369141, 0.11498, 0.136998, 10.1452, 0, 0.0305176, -0.0610352, 21.8372, 92213
22263, 0.00328125, 0.000820312, 0.000410156, 0.00123047, 0.11498, 0.134551, 9.54824, -0.259399, 0, -0.0610352, 21.8316, 92213.6
22273, 0.00287109, 0.00123047, -0.000410156, 0.00123047, 0.112534, 0.146783, 9.15437, 0.152588, -0.228882, -0.0610352, 21.825, 92213.9
22283, 0.00123047, 0.00205078, 0.00328125, 0.00246094, 0.144337, 0.188372, 9.87361, 0.259399, -0.198364, 0, 21.8243, 92214.1
22293, 0.00123047, 0.00164062, 0.00328125, 0.000820312, 0.168801, 0.195711, 10.4143, 0.0305176, -0.12207, -0.0457764, 21.8213, 92214.1
22303, 0.00246094, 0.00164062, 0.00205078, 0.00287109, 0.166354, 0.181032, 10.0449, -0.320435, 0.137329, 0.0610352, 21.8255, 92213.6
22313, 0.00328125, -0.000820312, 0, 0.00123047, 0.146783, 0.185925, 9.49686, -0.213623, 0.167847, 0.0915527, 21.8245, 92213.8
22333, 0.00287109, -0.00123047, 0.00164062, 0.00164062, 0.11498, 0.127212, 10.04, -0.0305176, 0.106812, 0.12207, 21.8262, 92213.7
22343, 0.00287109, -0.000820312, 0.00164062, 0.000410156, 0.0782843, 0.119873, 9.97391, -0.152588, 0.137329, 0.0152588, 21.8237, 92213.2
22353, 0.00287109, -0.000820312, -0.00123047, 0.000820312, 0.095409, 0.149229, 9.61918, -0.167847, 0, -0.0152588, 21.8344, 92213.9
22363, 0.00205078, 0.000820312, 0.000820312, 0.00205078, 0.095409, 0.156569, 9.46261, -0.0152588, 0, -0.0457764, 21.8182, 92213.1
22373, 0.00369141, -0.000410156, 0.000820312, 0.00205078, 0.110087, 0.178586, 9.82468, -0.0305176, -0.0610352, -0.0762939, 21.8352, 92213.7
22383, 0.00164062, 0.00205078, 0.000410156, 0.00123047, 0.112534, 0.163908, 9.91275, -0.0457764, -0.0762939, 0, 21.8268, 92213
22393, 0.00164062, -0.000820312, 0.00205078, 0.00287109, 0.178586, 0.25687, 9.63875, 0.198364, -0.228882, -0.0152588, 21.8353, 92213.3
22403, 0.00287109, -0.000820312, 0.00205078, 0.000820312, 0.181032, 0.195711, 10.1329, -0.259399, 0.0762939, 0.152588, 21.8322, 92213.6
22423, 0.00328125, -0.00164062, 0.000410156, 0.00246094, 0.0856234, 0.107641, 9.52622, -0.137329, 0.137329, 0.106812, 21.8375, 92212.6
22433, 0.00328125, 0.000820312, -0.00123047, 0.00369141, 0.063606, 0.117426, 9.64609, 0.167847, -0.152588, 0.106812, 21.8315, 92212.9
22443, 0.00123047, 0.00164062, 0.000820312, 0.00205078, 0.0905162, 0.132105, 9.77086, -0.0915527, 0.0457764, 0, 21.8379, 92213.3
22453, 0.00123047, 0.00246094, 0.000820312, 0.00164062, 0.095409, 0.146783, 10.0326, -0.0762939, 0.0457764, 0, 21.8276, 92213.8
22463, 0.00369141, 0.00246094, 0.00205078, 0.00246094, 0.105195, 0.146783, 9.84914, -0.0457764, 0.12207, -0.0915527, 21.835, 92213.7
22473, 0.00246094, 0.00205078, 0.00123047, 0.000410156, 0.129658, 0.171247, 9.56536, -0.213623, -0.183105, -0.137329, 21.8391, 92213.1
22483, 0.00246094, 0.00287109, 0.00123047, 0.000410156, 0.173693, 0.183479, 9.7782, -0.106812, 0.106812, -0.0915527, 21.838, 92213.3
22493, 0.00328125, -0.000820312, -0.000410156, 0.00205078, 0.149229, 0.166354, 9.83446, 0.106812, 0.0915527, -0.0152588, 21.8352, 92213.5
22513, 0.00205078, 0.000820312, 0.000820312, 0, 0.183479, 0.173693, 9.84425, 0.0305176, -0.0152588, 0.152588, 21.83, 92213.6
22523, 0.00287109, 0.00328125, 0.00123047, 0.00328125, 0.127212, 0.149229, 9.22287, 0.12207, 0.167847, 0.0762939, 21.8244, 92213.6
22533, 0.00164062, 0.00246094, -0.00123047, 0.00328125, 0.122319, 0.212835, 9.47729, 0.473022, -0.488281, 0.0915527, 21.8273, 92213.5
22543, 0.00287109, 0.000820312, 0.000820312, 0.000820312, 0.122319, 0.190818, 10.3482, 0.183105, -0.38147, 0.0762939, 21.83, 92213.5
22553, 0.00287109, 0, 0.000820312, 0.00164062, 0.127212, 0.105195, 10.3678, -0.289917, 0.0305176, 0.0610352, 21.83, 92213.4
22563, 0.000410156, 0, 0, 0.00164062, 0.0733915, 0.0733915, 9.85159, -0.50354, 0.167847, -0.0305176, 21.8259, 92213.5
22573, 0.00287109, -0.000410156, 0, 0.00205078, 0.063606, 0.0856234, 9.41124, -0.0457764, 0.289917, 0.0457764, 21.8246, 92213.6
22593, 0.00205078, 0.00287109, 0.00123047, 0.00287109, 0.11498, 0.136998, 9.9788, -0.289917, 0.0610352, 0.0152588, 21.8358, 92213.5
22603, 0.00205078, 0.00123047, 0.00123047, 0.00164062, 0.119873, 0.188372, 9.60695, -0.0457764, 0.0610352, -0.0152588, 21.8222, 92213.3
22613, 0.000820312, 0.00123047, 0.00123047, 0.00205078, 0.195711, 0.249531, 9.57025, 0.152588, -0.137329, -0.0915527, 21.8409, 92213.3
22623, 0.00369141, -0.00164062, 0.000410156, 0.00123047, 0.198157, 0.276441, 9.95189, -0.12207, 0, 0.0152588, 21.8339, 92213.5
22633, 0.000820312, -0.000820312, 0.00123047, 0.00123047, 0.146783, 0.20305, 9.90786, -0.198364, 0.198364, 0.0457764, 21.8437, 92213.3
22643, 0.00205078, -0.00369141, 0.00246094, -0.000410156, 0.129658, 0.171247, 9.45038, 0.213623, -0.228882, 0.106812, 21.8389, 92212.6
22653, 0.00451172, 0.000820312, 0.00123047, 0.00205078, 0.151676, 0.14189, 9.89318, 0.106812, -0.198364, 0.167847, 21.8367, 92213.3
22663, 0.00451172, 0.00164062, 0.00123047, 0.00123047, 0.0978554, 0.063606, 10.1819, -0.0305176, 0, 0.152588, 21.8266, 92213.3
22683, 0.000410156, 0, 0.000410156, 0.00123047, 0.0366958, 0.095409, 9.59472, 0.0305176, 0.0610352, 0.0305176, 21.8313, 92213
22693, 0.00246094, 0, 0, 0.00123047, 0.0905162, 0.149229, 9.57759, -0.198364, 0, -0.0457764, 21.841, 92213.1
22703, 0.00123047, 0.00164062, -0.000410156, 0.00164062, 0.11498, 0.183479, 9.83202, -0.274658, 0, -0.0762939, 21.8369, 92213.4
22713, 0.00123047, -0.000410156, -0.000410156, 0.000410156, 0.119873, 0.171247, 9.85893, -0.0457764, -0.0152588, -0.0915527, 21.8388, 92213.2
22723, 0.00205078, -0.000410156, 0.00164062, 0.00246094, 0.171247, 0.200604, 9.82957, 0, -0.152588, -0.0915527, 21.8321, 92213.5
22733, 0.000820312, -0.000820312, -0.000410156, 0.00246094, 0.215282, 0.247085, 9.80021, -0.0305176, 0.0762939, 0.0152588, 21.841, 92213.3
22743, 0.00123047, 0.000820312, 0.00246094, 0.00246094, 0.183479, 0.198157, 9.69502, -0.0305176, 0.152588, 0.0457764, 21.8528, 92213.3
22763, 0.00246094, 0.00287109, 0.00123047, 0.00123047, 0.136998, 0.188372, 9.47974, 0.518799, -0.518799, 0.0762939, 21.8317, 92213
22773, 0.00123047, 0.00287109, 0.00164062, 0.00123047, 0.122319, 0.17614, 9.85404, 0.320435, -0.183105, 0.152588, 21.8479, 92213.5
22783, 0.00246094, 0.000410156, 0, 0, 0.0929626, 0.117426, 10.3531, -0.106812, 0.198364, 0.0457764, 21.8444, 92213.6
22793, 0.00328125, -0.000410156, 0.00369141, 0, 0.0587132, 0.0880698, 9.95434, -0.350952, 0.12207, 0.0457764, 21.8479, 92213.1
22803, 0.00287109, 0, 0.00164062, 0.00410156, 0.0366958, 0.0807307, 9.57759, -0.213623, -0.0610352, -0.0457764, 21.8501, 92212.9
22813, 0.00287109, 0.00328125, 0.000410156, 0.00205078, 0.0978554, 0.102748, 9.59227, -0.213623, 0.167847, -0.0152588, 21.8551, 92213.8
22823, 0, 0.00328125, 0.000410156, 0.000410156, 0.102748, 0.132105, 9.85404, -0.213623, 0.12207, -0.0457764, 21.8601, 92213.2
22833, 0.00164062, 0.00369141, 0.00287109, 0.000410156, 0.144337, 0.168801, 9.9103, -0.0610352, -0.0152588, -0.0610352, 21.8459, 92213.7
22853, 0.00205078, 0.00123047, 0.00205078, 0.00328125, 0.220175, 0.283781, 9.57515, -0.0152588, 0.0152588, 0.0457764, 21.8468, 92213.4
22863, 0.00164062, -0.00164062, -0.00123047, 0.00328125, 0.181032, 0.269102, 9.73661, 0.106812, 0.0762939, 0.12207, 21.847, 92213.4
22873, 0.00164062, 0.00246094, -0.00123047, 0.00369141, 0.14189, 0.173693, 10.199, -0.0915527, -0.0762939, 0.167847, 21.8376, 92214.1
22883, 0.00246094, 0.00246094, -0.000410156, -0.000410156, 0.0880698, 0.0880698, 10.0277, -0.167847, -0.183105, 0.137329, 21.8382, 92213.8
22893, 0.00287109, 0.00164062, 0.000410156, 0.00164062, 0.0611596, 0.0489277, 9.51399, -0.137329, 0.198364, 0.0762939, 21.8475, 92212.8
22903, 0.00328125, 0.00246094, -0.000410156, 0.00164062, 0.031803, 0.0391421, 9.62897, 0.0762939, 0.183105, 0.0152588, 21.8426, 92213.1
22913, 0.00287109, 0.00123047, 0.00164062, 0.00123047, 0.0562668, 0.0880698, 10.0571, -0.0152588, 0.0152588, -0.0152588, 21.8605, 92214.3
22933, 0, 0.00123047, -0.000410156, 0.00205078, 0.134551, 0.207943, 9.54824, -0.411987, 0.0152588, -0.0152588, 21.8442, 92213.5
22943, 0.00164062, 0.00123047, 0.00164062, 0.00123047, 0.190818, 0.217728, 9.54334, -0.12207, 0.0305176, -0.0610352, 21.8501, 92213.2
22953, 0.00164062, -0.00164062, 0.00205078, 0.00123047, 0.207943, 0.222621, 9.90541, -0.0762939, 0.0762939, 0.0152588, 21.8464, 92213.3
22963, 0.00287109, -0.00287109, 0.000820312, 0.00369141, 0.181032, 0.212835, 9.94944, -0.137329, -0.0915527, 0.0457764, 21.8445, 92213.7
22973, 0.00287109, 0.00287109, 0.000820312, 0.000410156, 0.154122, 0.190818, 9.72682, -0.0305176, -0.228882, 0.0610352, 21.8515, 92214
22983, 0.00205078, 0.00287109, 0.00123047, 0.00287109, 0.154122, 0.151676, 9.65833, 0.0305176, 0, 0.106812, 21.8413, 92212.8
22993, 0.00287109, -0.000820312, 0, 0.00164062, 0.119873, 0.110087, 9.84914, -0.0610352, 0.183105, 0.183105, 21.842, 92213.6
23003, -0.000820312, 0.00123047, 0.00205078, 0.00164062, 0.0684988, 0.0978554, 9.99103, -0.0457764, 0.106812, 0.137329, 21.8646, 92213.4
23023, 0.00205078, 0.000410156, 0.00205078, 0.00543457, 0.095409, 0.144337, 9.53356, -0.12207, -0.0152588, 0.0152588, 21.8441, 92213.4
23033, 0.00451172, 0.000410156, 0.00205078, 0.00123047, 0.0733915, 0.166354, 9.73416, -0.0762939, -0.0305176, -0.137329, 21.8399, 92213.3
23043, 0.00369141, 0.00164062, 0.000410156, 0.00287109, 0.110087, 0.159015, 10.0497, 0.0305176, -0.0305176, -0.0457764, 21.8564, 92213
23053, 0.00328125, 0, 0.000820312, 0.00287109, 0.161461, 0.171247, 9.9788, -0.12207, 0.0915527, -0.0610352, 21.8412, 92213.8
23063, 0.000820312, 0, 0.00205078, 0.00205078, 0.163908, 0.193264, 9.62897, -0.244141, 0.167847, -0.0152588, 21.8626, 92213.8
23073, 0.00328125, 0.00246094, 0.00123047, 0.00451172, 0.17614, 0.195711, 9.5409, -0.0305176, -0.0610352, 0, 21.8354, 92213.2
23083, 0.00328125, 0.000410156, 0.00123047, 0.00164062, 0.156569, 0.178586, 9.81489, 0.12207, -0.0305176, 0.0762939, 21.8351, 92212.8
23103, 0.00164062, 0.000820312, 0.00246094, 0.00205078, 0.0978554, 0.166354, 9.79043, -0.0457764, -0.106812, 0.152588, 21.8501, 92213.2
23113, 0.000410156, 0.000820312, 0.00246094, 0.00205078, 0.0831771, 0.122319, 9.6779, -0.0305176, 0.0152588, 0.106812, 21.8461, 92213.4
23123, 0.00287109, 0.00164062, -0.00369141, 0.00123047, 0.0611596, 0.112534, 9.69257, 0.0305176, 0.0762939, 0.0152588, 21.8413, 92213.3
23133, 0.00287109, 0.00164062, -0.00369141, 0.000410156, 0.0660524, 0.129658, 9.56781, 0.442505, -0.305176, -0.0152588, 21.8379, 92213.2
23143, 0.00369141, 0.00164062, 0.00123047, 0.00164062, 0.107641, 0.124766, 10.0546, -0.0457764, -0.183105, -0.0457764, 21.8492, 92213.9
23153, 0.00369141, 0.000820312, 0.00123047, 0.00164062, 0.149229, 0.154122, 10.1158, -0.12207, 0, -0.0457764, 21.8479, 92213.3
23163, 0.000410156, 0.00123047, 0.00123047, 0.00164062, 0.156569, 0.173693, 9.76352, -0.274658, 0.152588, -0.0457764, 21.8449, 92213.6
23173, 0.00246094, 0.00246094, 0.000820312, 0.00246094, 0.168801, 0.181032, 9.64365, 0.0457764, 0.0305176, -0.0152588, 21.8305, 92213
23193, 0.00164062, 0.000410156, 0.00205078, 0.00287109, 0.149229, 0.178586, 9.83936, -0.12207, 0.0610352, 0.152588, 21.8416, 92213.3
23203, 0.00246094, 0, 0.00123047, 0.00164062, 0.124766, 0.163908, 9.74884, 0.0610352, -0.183105, 0.137329, 21.8427, 92213.1
23213, 0.000820312, 0.00287109, 0.00287109, 0.00164062, 0.105195, 0.159015, 9.74884, 0.0610352, -0.167847, 0.0915527, 21.8443, 92213.1
23223, 0.00205078, 0.00205078, 0, 0.00123047, 0.11498, 0.154122, 9.93966, -0.0152588, 0.198364, 0.0457764, 21.8426, 92213.7
23233, 0.00328125, 0.000820312, 0.00123047, 0.00164062, 0.0856234, 0.134551, 9.86382, -0.0915527, 0.244141, -0.0152588, 21.8485, 92213.1
23243, 0.00328125, 0.000820312, 0.00123047, 0.00205078, 0.063606, 0.119873, 9.73416, -0.0915527, -0.0457764, 0.0305176, 21.8433, 92212.9
23253, 0.00164062, 0.00164062, 0, 0.00164062, 0.0758379, 0.127212, 9.74395, -0.0762939, -0.0457764, 0.0152588, 21.8492, 92212.9
23273, 0.00369141, 0.00123047, 0.000410156, 0.00205078, 0.122319, 0.159015, 9.8418, -0.0762939, 0.106812, -0.0152588, 21.8432, 92213.1
23283, 0.00123047, -0.00123047, 0.00164062, 0.00246094, 0.151676, 0.193264, 9.83202, -0.137329, 0.0457764, 0, 21.841, 92213
23293, 0.00123047, 0.00123047, 0.00164062, 0.00164062, 0.166354, 0.222621, 9.70481, -0.106812, -0.0152588, 0.0305176, 21.8411, 92213
23303, 0.00123047, 0.00123047, 0, -0.000820312, 0.149229, 0.198157, 9.71459, -0.198364, -0.0610352, 0.12207, 21.8497, 92213.3
23313, 0.00451172, -0.000410156, 0.000820312, -0.000820312, 0.14189, 0.163908, 9.85159, -0.0305176, 0.0305176, 0.0762939, 21.846, 92213.2
23323, 0.00164062, 0.00164062, 0.000410156, 0.00164062, 0.139444, 0.166354, 9.89318, -0.0152588, 0.0305176, 0.0610352, 21.8482, 92213
23333, 0.00123047, 0.00287109, 0.000410156, 0.00328125, 0.119873, 0.139444, 9.7733, -0.0457764, 0.0152588, 0.0762939, 21.85, 92213.3
23343, 0.00123047, -0.000410156, 0.000410156, 0.000820312, 0.112534, 0.139444, 9.7097, 0.0305176, 0.0610352, 0, 21.8449, 92213.3
23363, 0.00287109, 0.000820312, 0.000820312, 0.00246094, 0.0831771, 0.122319, 9.92743, -0.183105, 0, 0.0610352, 21.839, 92213.7
23373, 0.00164062, 0.000820312, -0.000820312, 0.00246094, 0.0905162, 0.139444, 9.82957, -0.137329, 0.0152588, 0, 21.8373, 92213.2
23383, 0.00369141, 0, 0.00246094, 0.00123047, 0.117426, 0.149229, 9.66322, -0.183105, 0.137329, -0.0457764, 21.8371, 92212.9
23393, 0.00369141, 0.000410156, 0.00246094, 0.00246094, 0.14189, 0.156569, 9.71704, -0.0152588, -0.0152588, -0.0305176, 21.8524, 92213
23403, 0.00328125, 0.000410156, -0.000410156, 0.00164062, 0.161461, 0.185925, 9.79043, 0.0305176, -0.0152588, 0.0610352, 21.852, 92213.3
23413, 0.00164062, 0.000410156, 0.000410156, 0.00164062, 0.151676, 0.210389, 9.8785, -0.0610352, 0, 0.0305176, 21.8523, 92213.3
23423, 0.000820312, 0.00164062, 0.00328125, 0.00164062, 0.14189, 0.181032, 9.9152, -0.0457764, -0.0610352, 0.0610352, 21.8442, 92213.2
23443, 0.00123047, 0.000410156, 0.00164062, 0.000820312, 0.100302, 0.151676, 9.73172, 0, -0.0305176, 0.137329, 21.8545, 92213.2
23453, 0.00123047, 0.000410156, 0.00164062, 0.000820312, 0.0782843, 0.134551, 9.70481, 0.0152588, 0.0305176, 0.0305176, 21.8528, 92213.5
23463, 0.00123047, 0.00123047, 0.000410156, 0.00123047, 0.0880698, 0.11498, 9.82957, -0.0762939, -0.0610352, 0.0457764, 21.8538, 92213.2
23473, 0.00246094, 0.00328125, 0.000410156, 0.00123047, 0.100302, 0.124766, 9.88095, -0.0305176, 0.0610352, -0.0152588, 21.8458, 92213.7
23483, 0.00164062, 0.00164062, -0.00123047, 0.000820312, 0.11498, 0.119873, 9.83446, -0.12207, 0.0457764, -0.0457764, 21.8466, 92213.1
23493, -0.00123047, -0.000410156, 0.00123047, 0.00164062, 0.132105, 0.156569, 9.74395, -0.0762939, 0, -0.0305176, 21.8488, 92213.2
23503, -0.00123047, -0.000410156, 0.00123047, 0.00369141, 0.168801, 0.178586, 9.73416, -0.0610352, 0.0305176, -0.0152588, 21.8482, 92213.2
23513, 0.00246094, -0.00123047, 0.000410156, 0.00205078, 0.151676, 0.17614, 9.77575, -0.12207, -0.0915527, -0.0152588, 21.8477, 92212.8
23533, 0.00123047, 0.00205078, 0.00205078, 0.00246094, 0.166354, 0.17614, 9.82223, -0.0305176, -0.0152588, -0.0152588, 21.8609, 92213.5
23543, 0.00123047, 0.00164062, 0.00164062, 0.00369141, 0.14189, 0.14189, 9.79043, -0.0610352, -0.0152588, 0.0610352, 21.8498, 92213.4
23553, 0.00123047, 0.000410156, 0.00164062, 0.00287109, 0.110087, 0.117426, 9.79288, -0.0610352, -0.0610352, 0.0305176, 21.8621, 92213.2
23563, 0.00328125, 0.000410156, 0.00164062, 0.000410156, 0.105195, 0.136998, 9.79288, 0, -0.0305176, 0.0610352, 21.8557, 92213.6
23573, 0.00584473, -0.000410156, 0.00369141, 0.00543457, 0.112534, 0.119873, 9.80755, -0.0610352, -0.0305176, 0.0762939, 21.8566, 92213
23583, 0.00328125, 0.00287109, -0.000410156, 0.00543457, 0.100302, 0.154122, 9.81979, -0.0915527, -0.0152588, -0.0152588, 21.8596, 92213.1
23593, 0.00246094, 0.000820312, 0.00164062, 0.00123047, 0.119873, 0.163908, 9.82223, 0, -0.0152588, 0.0457764, 21.8485, 92213.7
23613, 0.00328125, 0.000410156, 0.00123047, 0.00369141, 0.129658, 0.188372, 9.75129, -0.137329, 0.0762939, 0.0457764, 21.8599, 92213.7
23623, 0.00246094, 0.000820312, 0.00123047, 0.000820312, 0.129658, 0.181032, 9.75618, -0.0610352, 0, -0.0152588, 21.8446, 92212.7
23633, 0.00328125, 0.000820312, 0.00164062, 0.000820312, 0.127212, 0.183479, 9.79288, -0.0762939, -0.0152588, 0.0915527, 21.8507, 92213.4
23643, 0.000410156, 0.00246094, -0.000820312, 0.000820312, 0.119873, 0.168801, 9.83202, 0.0305176, -0.0610352, 0.0152588, 21.849, 92213.2
23653, 0.00287109, 0.000820312, 0.00410156, 0.00205078, 0.110087, 0.151676, 9.80755, -0.0457764, 0, 0.0305176, 21.8483, 92213.2
23663, 0.00287109, 0.000820312, 0.00410156, 0.00123047, 0.100302, 0.122319, 9.81245, -0.106812, 0.0457764, 0, 21.8484, 92213.3
23673, 0.00123047, 0.00164062, 0.00123047, 0.00205078, 0.156569, 0.173693, 9.79288, 0, 0.0610352, -0.0305176, 21.8572, 92213.5
23723, 0.00287109, -0.000820312, 0.00328125, 0.00246094, 0.154122, 0.193264, 9.81, -0.0610352, -0.0152588, 0.0457764, 21.8423, 92213.4
23743, 0.00164062, 0.000820312, 0.00287109, 0.000410156, 0.14189, 0.156569, 9.78064, -0.0610352, -0.0305176, 0.0610352, 21.8435, 92212.8
23753, 0.000410156, 0.00205078, 0.000820312, 0.00328125, 0.14189, 0.14189, 9.76841, -0.0457764, -0.0305176, 0.0915527, 21.8418, 92213.5
23763, 0.000410156, 0.00287109, 0.000820312, 0.00164062, 0.100302, 0.14189, 9.79532, 0.0152588, -0.0610352, 0.0610352, 21.8486, 92213.1
23773, 0.00287109, 0.00287109, 0.00287109, 0.00205078, 0.105195, 0.139444, 9.82957, -0.0610352, 0.0305176, 0.0305176, 21.8542, 92213.1
23783, 0.00287109, -0.00123047, 0.00205078, 0.00328125, 0.112534, 0.122319, 9.81979, 0, -0.0457764, 0.0305176, 21.8519, 92213.4
23793, 0.00246094, 0, 0.00205078, 0.00328125, 0.100302, 0.134551, 9.79777, -0.0915527, 0, 0, 21.8432, 92213.3
23803, 0.00164062, 0.000410156, 0.000820312, 0.00246094, 0.0978554, 0.156569, 9.78064, -0.0457764, -0.0610352, -0.0457764, 21.8526, 92213.3
23813, 0.00164062, 0.00205078, 0.000820312, 0.00369141, 0.0929626, 0.166354, 9.80266, -0.0457764, -0.0457764, 0.0152588, 21.8283, 92212.8
23833, 0.00164062, 0, 0, 0.00205078, 0.139444, 0.181032, 9.78798, -0.0610352, 0, 0.0457764, 21.8477, 92212.5
23843, 0.00205078, 0.00123047, 0.00123047, 0.00205078, 0.146783, 0.163908, 9.81245, -0.0305176, 0, 0.0152588, 21.8498, 92213.1
23853, 0.00205078, 0.000410156, 0.00164062, 0.00287109, 0.136998, 0.159015, 9.80266, -0.0457764, 0, 0.106812, 21.8481, 92213.3
23863, 0.000410156, -0.000820312, 0.00164062, 0.00246094, 0.129658, 0.149229, 9.78064, -0.0305176, 0.0305176, 0.0305176, 21.8403, 92212.8
23873, 0.000410156, -0.000820312, 0.00369141, 0.00287109, 0.117426, 0.14189, 9.78064, 0.0152588, -0.0305176, 0.0762939, 21.85, 92212.9
23883, 0.00164062, 0.00164062, 0.00123047, 0.00502441, 0.110087, 0.156569, 9.80755, -0.0762939, 0.0915527, 0.0152588, 21.8574, 92213.4
23893, 0.00164062, -0.00164062, 0.00205078, 0.00502441, 0.112534, 0.134551, 9.82468, -0.0610352, 0, 0, 21.8492, 92213.3
23913, 0.00123047, 0.00246094, 0.00164062, 0.000820312, 0.119873, 0.136998, 9.79043, -0.0762939, -0.0152588, 0, 21.8488, 92213.1
23923, 0.00123047, 0.00246094, 0.00164062, 0.000820312, 0.124766, 0.139444, 9.79532, -0.0610352, -0.0305176, -0.0152588, 21.8512, 92213.7
23933, 0.00246094, 0.000410156, 0.00328125, 0.00205078, 0.134551, 0.178586, 9.79043, -0.0457764, 0.0610352, -0.0457764, 21.8552, 92213.5
23943, 0.00205078, 0.000410156, 0.00205078, 0.00205078, 0.14189, 0.168801, 9.78798, -0.0915527, -0.0762939, -0.0152588, 21.8562, 92213.9
23953, 0.00410156, 0.00164062, -0.000410156, 0.00164062, 0.149229, 0.183479, 9.81734, 0, 0.0457764, 0.0152588, 21.8374, 92213.7
23963, 0.00369141, 0, 0.000410156, 0.000410156, 0.151676, 0.183479, 9.78798, -0.0305176, -0.0305176, 0.106812, 21.8532, 92213.5
23973, 0.00369141, -0.000410156, 0.000410156, 0.00205078, 0.129658, 0.159015, 9.78798, -0.0915527, 0.0305176, 0.12207, 21.864, 92213
23983, 0.00164062, -0.000410156, 0.00164062, 0.00328125, 0.112534, 0.156569, 9.77575, -0.0152588, -0.0152588, 0.0457764, 21.8497, 92213.3
24003, 0.00246094, 0, 0, 0.00164062, 0.095409, 0.154122, 9.81489, -0.0457764, -0.0305176, 0, 21.8524, 92213.5
24013, 0.00369141, -0.000410156, 0.00328125, 0, 0.105195, 0.151676, 9.80511, -0.0152588, -0.0305176, -0.0305176, 21.85, 92212.9
24023, 0.00502441, 0.00205078, 0.00328125, 0.00451172, 0.105195, 0.144337, 9.80755, -0.0457764, 0.0305176, 0.0457764, 21.855, 92213.6
24033, 0.00502441, 0.00205078, -0.00164062, 0.00164062, 0.102748, 0.136998, 9.81979, -0.0610352, 0.0152588, 0.0305176, 21.8534, 92213.3
24043, 0.00123047, 0, 0.00205078, 0.000410156, 0.127212, 0.149229, 9.80021, -0.12207, 0.0305176, 0, 21.8562, 92212.6
24053, 0.00287109, 0.00123047, 0.000410156, 0.000410156, 0.134551, 0.144337, 9.79288, -0.0457764, 0.0152588, -0.0152588, 21.8513, 92213
24063, 0.00164062, -0.000410156, 0.000820312, 0.00246094, 0.144337, 0.168801, 9.78309, -0.0762939, 0.0152588, 0.0152588, 21.85, 92212.8
24083, 0.00369141, 0.000820312, -0.00123047, 0.00205078, 0.127212, 0.17614, 9.78554, -0.0152588, -0.0915527, 0.0915527, 21.8494, 92213.5
24093, 0.00164062, 0.00164062, 0.00164062, 0.00205078, 0.127212, 0.168801, 9.80266, 0, 0.0152588, 0.0762939, 21.8466, 92213.2
24103, -0.000410156, -0.000820312, 0, 0.00205078, 0.134551, 0.146783, 9.79288, -0.0915527, 0.0457764, 0.0305176, 21.861, 92213.5
24113, 0.00410156, 0.00205078, -0.000820312, 0.00369141, 0.117426, 0.149229, 9.78309, -0.0152588, -0.0152588, 0.0610352, 21.8458, 92213.1
24123, 0.00328125, 0.00328125, 0.000410156, 0.00164062, 0.105195, 0.154122, 9.80755, -0.0305176, -0.0305176, -0.0152588, 21.8412, 92213.5
24133, 0.00328125, 0.00328125, 0.000410156, 0.00205078, 0.122319, 0.146783, 9.80755, -0.0305176, -0.0305176, -0.0457764, 21.8518, 92214.1
24143, 0.00205078, -0.00246094, -0.000410156, 0, 0.107641, 0.154122, 9.79288, -0.0610352, -0.0152588, -0.0152588, 21.8474, 92213.1
24153, 0.00246094, 0, 0.000820312, 0, 0.122319, 0.151676, 9.80266, -0.106812, 0.0457764, -0.0152588, 21.8603, 92212.9
24173, 0.000820312, 0.00123047, 0.00123047, 0.00246094, 0.146783, 0.166354, 9.80021, -0.0762939, -0.0305176, 0.0305176, 21.859, 92213.5
24183, 0.000820312, 0, 0.00123047, 0.000410156, 0.129658, 0.161461, 9.81, -0.106812, 0.0305176, 0.0457764, 21.8522, 92213.1
24193, 0.000410156, 0, 0.00451172, 0.00205078, 0.11498, 0.168801, 9.80755, -0.0915527, -0.0152588, 0.0457764, 21.8546, 92214.1
24203, 0.00164062, 0.00246094, 0.00164062, 0.00287109, 0.119873, 0.168801, 9.82223, -0.12207, -0.0152588, 0, 21.8533, 92213.8
24213, 0.000410156, -0.000410156, 0.00287109, 0.00287109, 0.11498, 0.159015, 9.80511, -0.106812, -0.0762939, -0.0152588, 21.8591, 92213.4
24223, 0.000820312, 0.000820312, 0.00246094, 0.00410156, 0.107641, 0.146783, 9.77086, -0.0457764, -0.0152588, 0.0762939, 21.8606, 92213.6
24233, 0.00328125, 0.00287109, 0.00246094, 0.00164062, 0.127212, 0.156569, 9.78309, -0.0610352, 0.0915527, 0.0152588, 21.8544, 92213.4
24243, 0.00328125, 0.00287109, -0.00246094, 0.00410156, 0.129658, 0.149229, 9.80755, -0.152588, -0.0610352, 0.0457764, 21.8595, 92213
24263, 0, 0.000820312, 0.00205078, 0.00410156, 0.14189, 0.156569, 9.78554, -0.0762939, -0.0762939, 0.0610352, 21.8617, 92213.2
24273, 0.00205078, 0.00164062, 0.00246094, 0.00246094, 0.127212, 0.173693, 9.79288, -0.106812, -0.0305176, 0.0915527, 21.8608, 92213.5
24283, 0.00164062, 0.00164062, 0.00246094, 0.00328125, 0.14189, 0.163908, 9.78309, -0.0610352, 0.0305176, 0.0457764, 21.8522, 92213.2
24293, 0.00164062, 0.00164062, 0, 0.00123047, 0.127212, 0.168801, 9.80511, -0.0457764, -0.0152588, 0.0152588, 21.8483, 92213.7
24303, -0.000410156, 0.00328125, 0, 0.00246094, 0.117426, 0.156569, 9.80755, -0.0610352, 0.0305176, 0.0305176, 21.8588, 92213.5
24313, 0.000820312, 0.00164062, 0.00205078, 0.00246094, 0.124766, 0.151676, 9.80266, -0.0457764, 0.0305176, 0.0305176, 21.8491, 92213.2
24323, 0.00369141, 0.000410156, 0.000820312, 0, 0.11498, 0.14189, 9.81, -0.0457764, 0.0915527, 0.0915527, 21.8514, 92213.4
24343, 0.00123047, 0.000820312, -0.00123047, 0.00205078, 0.122319, 0.144337, 9.80511, -0.137329, 0.0762939, 0.0305176, 21.8555, 92213.5
24353, 0.00369141, 0, -0.000820312, 0.000820312, 0.119873, 0.149229, 9.76841, -0.0610352, 0.0305176, -0.0152588, 21.8522, 92213.2
24363, 0.00246094, 0, 0.00246094, 0.000820312, 0.129658, 0.166354, 9.80021, -0.0915527, -0.0762939, 0.0457764, 21.8515, 92213.3
24373, 0.00246094, 0.00369141, -0.000410156, 0.00328125, 0.134551, 0.163908, 9.78798, -0.0610352, -0.0152588, 0.0305176, 21.8569, 92212.8
24383, 0.00164062, 0.000410156, 0.00205078, 0.00164062, 0.139444, 0.166354, 9.78554, -0.0915527, -0.12207, 0.0457764, 21.864, 92212.9
24393, 0.00164062, 0.000410156, 0.00205078, 0.00328125, 0.129658, 0.166354, 9.78554, -0.0762939, 0.0152588, 0.0152588, 21.8491, 92213.4
24403, 0.00369141, -0.00164062, 0.00287109, 0.00123047, 0.112534, 0.163908, 9.79777, -0.0305176, 0.0305176, 0.0762939, 21.8553, 92213.1
24413, 0.00246094, -0.00123047, 0.00164062, 0.00164062, 0.119873, 0.168801, 9.78798, -0.0152588, -0.0457764, 0.0305176, 21.849, 92213.3
24433, 0.00246094, -0.00123047, 0.00164062, 0.000820312, 0.117426, 0.154122, 9.79777, -0.0457764, 0, -0.0457764, 21.8473, 92213.3
24443, 0.00164062, -0.000410156, 0.00164062, 0.00123047, 0.119873, 0.154122, 9.81245, -0.0762939, 0, 0.0152588, 21.8533, 92213.5
24453, 0.00164062, -0.000410156, 0.00123047, -0.000410156, 0.112534, 0.159015, 9.79043, -0.106812, 0.0610352, 0.0610352, 21.8584, 92213.5
24463, 0.00246094, -0.000410156, 0.00287109, 0, 0.107641, 0.161461, 9.78309, -0.0152588, -0.0457764, 0, 21.848, 92213.5
24473, 0.00205078, -0.000820312, 0.00205078, 0, 0.107641, 0.171247, 9.79288, -0.152588, 0, 0.0457764, 21.8619, 92213.4
24483, 0.00164062, -0.000410156, 0.00205078, 0.00164062, 0.134551, 0.171247, 9.80266, -0.0305176, -0.0152588, 0.0305176, 21.8503, 92213.1
24493, 0.00369141, 0.00287109, 0.00205078, 0.000410156, 0.127212, 0.149229, 9.79532, -0.0762939, 0, 0.0915527, 21.8642, 92213.5
24513, 0.00246094, -0.00164062, 0, 0.00369141, 0.119873, 0.161461, 9.78554, -0.0305176, -0.0457764, 0.0305176, 21.8669, 92213.3
24523, -0.00123047, 0.00287109, 0.00205078, 0.00369141, 0.124766, 0.146783, 9.80755, -0.0762939, 0.0610352, -0.0305176, 21.8598, 92214
24533, 0.00164062, 0.00287109, 0, 0.000410156, 0.127212, 0.144337, 9.81, -0.0762939, 0, 0.0305176, 21.8565, 92213.5
24543, 0.00205078, 0.000820312, 0.00164062, 0.00205078, 0.129658, 0.154122, 9.78309, -0.0762939, -0.0762939, 0.0457764, 21.8582, 92213.6
24553, 0.00205078, 0.000820312, 0.00164062, 0.00164062, 0.144337, 0.154122, 9.79043, -0.0610352, -0.0457764, 0.0762939, 21.8545, 92213
24563, 0.000820312, -0.00328125, 0.000820312, 0.000410156, 0.124766, 0.154122, 9.80266, -0.106812, 0.0152588, 0.0152588, 21.8537, 92213.3
24573, 0.00205078, 0.000410156, 0.00164062, 0.000410156, 0.124766, 0.154122, 9.81245, -0.106812, -0.0152588, 0.0457764, 21.8542, 92213.4
24583, 0.00369141, 0.00164062, 0.000410156, 0.000820312, 0.129658, 0.156569, 9.7733, -0.0457764, 0.0152588, 0.0152588, 21.8568, 92213.3
24603, 0.00246094, -0.000410156, 0.000820312, 0.00164062, 0.110087, 0.17614, 9.81245, -0.0152588, -0.0152588, 0.0152588, 21.8538, 92213.3
24613, 0.00246094, 0.000820312, 0.00328125, 0.00164062, 0.134551, 0.161461, 9.81, -0.0457764, -0.106812, 0.0305176, 21.8613, 92213.2
24623, 0.000820312, 0.00205078, 0.00164062, 0.00246094, 0.129658, 0.159015, 9.79043, 0, 0.0152588, 0, 21.8501, 92213.5
24633, 0.00287109, -0.000410156, 0.00164062, 0.00246094, 0.134551, 0.161461, 9.7782, 0.0152588, 0.0457764, 0.0457764, 21.8571, 92213.7
24643, 0.00246094, -0.000410156, 0.00123047, 0.00205078, 0.139444, 0.159015, 9.81, -0.0610352, -0.0152588, 0.0762939, 21.8567, 92212.8
24653, 0.00369141, -0.000410156, 0.00123047, 0.00205078, 0.127212, 0.149229, 9.80511, -0.0610352, 0.0457764, 0.0762939, 21.8595, 92213.2
24663, 0.00369141, -0.000410156, 0.000410156, 0.00205078, 0.110087, 0.173693, 9.79288, -0.0610352, -0.0457764, 0.0762939, 21.8471, 92213
24683, 0.00205078, -0.000820312, 0.000820312, 0.00287109, 0.119873, 0.163908, 9.78798, -0.0762939, 0, 0.0762939, 21.8594, 92212.8
24693, 0.00246094, 0.000410156, 0.00205078, -0.000410156, 0.132105, 0.144337, 9.78798, -0.0762939, 0.0610352, 0.0762939, 21.8504, 92213.2
24703, 0.000820312, 0.000410156, 0.00205078, 0.00205078, 0.119873, 0.151676, 9.80755, -0.0610352, 0, 0.0152588, 21.8518, 92212.9
24713, 0.000820312, 0.000410156, 0.00123047, 0, 0.117426, 0.134551, 9.80021, -0.137329, -0.0152588, 0.137329, 21.8618, 92213.7
24723, 0.00205078, 0.00123047, 0.00164062, 0.00410156, 0.122319, 0.144337, 9.79532, -0.0762939, 0.0762939, 0.0152588, 21.8505, 92213.3
24733, 0.00123047, 0.00205078, 0.000820312, 0.00410156, 0.139444, 0.151676, 9.80755, -0.0762939, 0.0762939, 0.0305176, 21.8489, 92213.2
24743, 0.00246094, -0.00164062, 0.00123047, 0.00246094, 0.136998, 0.166354, 9.80755, -0.0610352, -0.0305176, 0, 21.8643, 92213.6
24753, 0, 0.000820312, 0.00123047, 0.00246094, 0.136998, 0.159015, 9.79288, -0.0915527, 0.0457764, 0.0152588, 21.866, 92213.6
24773, 0.00328125, -0.000820312, 0.000820312, 0.00164062, 0.122319, 0.156569, 9.79777, -0.0762939, 0.0915527, 0.0305176, 21.8613, 92213.4
24783, 0.00246094, 0.00205078, -0.000410156, 0.00164062, 0.132105, 0.151676, 9.79777, -0.0762939, 0.12207, 0.0610352, 21.8542, 92213.6
24793, 0.00287109, -0.000410156, 0.00123047, 0.00410156, 0.124766, 0.154122, 9.78309, -0.12207, 0.0152588, 0.106812, 21.8474, 92213.3
24803, 0.00123047, 0.000820312, 0.00205078, 0.00502441, 0.110087, 0.151676, 9.79777, -0.0915527, 0.0152588, 0.0152588, 21.8709, 92213.3
24813, 0.00205078, 0.000820312, 0.00205078, 0.00205078, 0.122319, 0.154122, 9.77575, -0.0610352, 0.0457764, 0.0457764, 21.8505, 92213.4
24823, 0.00205078, 0.00123047, 0.00246094, 0.00246094, 0.122319, 0.159015, 9.75863, -0.0915527, 0.0610352, 0.0305176, 21.857, 92212.9
24833, 0.00451172, -0.000410156, -0.00123047, 0, 0.122319, 0.166354, 9.7782, 0.0305176, -0.0457764, 0.0610352, 21.8547, 92213.6
24853, 0.00369141, -0.000410156, 0, 0, 0.117426, 0.168801, 9.82223, -0.183105, -0.0610352, 0.0457764, 21.8515, 92213.4
24863, 0.00369141, 0.00123047, 0, 0.00246094, 0.11498, 0.151676, 9.80511, -0.0457764, 0, 0.0457764, 21.8651, 92212.9
24873, 0.00369141, 0.00123047, 0.00164062, 0.00246094, 0.117426, 0.163908, 9.78309, -0.0762939, 0, 0.0457764, 21.8551, 92213.3
24883, 0.00164062, 0.00205078, 0, 0.00246094, 0.136998, 0.181032, 9.80021, -0.0915527, 0.0457764, 0.0610352, 21.8547, 92213.7
24893, 0.00164062, 0.000410156, 0.000820312, 0.00246094, 0.117426, 0.156569, 9.79532, -0.0610352, 0.0305176, 0.0305176, 21.8524, 92214
24903, 0.00205078, 0.00369141, -0.000410156, 0.00164062, 0.124766, 0.14189, 9.80021, -0.0457764, -0.0457764, -0.0152588, 21.8514, 92213.4
24913, 0.000410156, -0.000410156, -0.000410156, 0.000820312, 0.124766, 0.154122, 9.78309, -0.0610352, -0.0152588, 0.0152588, 21.8651, 92213.3
24923, 0.000410156, -0.000410156, 0.000820312, 0.00205078, 0.134551, 0.168801, 9.79532, -0.0457764, -0.0152588, 0.0457764, 21.8515, 92213
24943, 0.00205078, 0.00246094, 0.00205078, 0.00246094, 0.132105, 0.149229, 9.79288, 0, 0.0152588, -0.0610352, 21.8681, 92213.5
24953, 0.00328125, 0.00123047, 0.00205078, -0.00123047, 0.122319, 0.149229, 9.78064, -0.0915527, -0.0152588, 0.0152588, 21.848, 92213.2
24963, 0.00205078, -0.000410156, 0.000410156, 0.000820312, 0.124766, 0.156569, 9.80021, 0, 0, 0, 21.8544, 92213.9
24973, 0.00205078, -0.000410156, 0.000410156, 0.00369141, 0.139444, 0.163908, 9.81489, -0.0610352, 0.0305176, 0.0305176, 21.8571, 92213.5
24983, 0.00123047, 0.00369141, 0, 0.00328125, 0.132105, 0.151676, 9.79777, -0.0915527, 0.0152588, 0.0762939, 21.8527, 92212.9
24993, 0.00410156, 0.000820312, 0, 0.00328125, 0.122319, 0.151676, 9.79532, -0.0762939, 0, 0.0457764, 21.8589, 92213.4
25003, 0.00246094, 0, 0.000820312, 0.000410156, 0.105195, 0.166354, 9.7733, -0.0152588, 0.0305176, 0.0762939, 21.8594, 92213.1
25023, 0.000410156, 0.000820312, -0.000410156, 0.000410156, 0.119873, 0.17614, 9.80266, -0.0762939, 0, 0.0305176, 21.8471, 92213.7
25033, 0.000410156, 0.00123047, 0.00328125, 0.000820312, 0.117426, 0.159015, 9.78554, -0.0762939, 0.0152588, 0.0915527, 21.859, 92213
25043, 0.00164062, -0.000410156, 0.000820312, 0.00205078, 0.112534, 0.166354, 9.80266, 0, -0.0152588, 0.0152588, 21.8543, 92213.3
25053, 0.00451172, 0, 0.00164062, 0.00205078, 0.129658, 0.159015, 9.81734, -0.0610352, 0.0610352, 0.0457764, 21.8584, 92213.3
25063, 0.00205078, 0.000410156, 0.00164062, 0.000820312, 0.134551, 0.156569, 9.80021, -0.0610352, 0.0305176, 0, 21.8602, 92213
25073, 0.00246094, 0.000410156, 0.00164062, 0, 0.095409, 0.156569, 9.78798, -0.0152588, 0.0610352, 0.0305176, 21.8633, 92213
25083, 0.00246094, 0.00123047, 0.00164062, 0.00205078, 0.127212, 0.154122, 9.78064, -0.0762939, 0.0457764, 0, 21.8572, 92212.4
25093, 0.000820312, -0.000410156, -0.000820312, 0.000410156, 0.127212, 0.156569, 9.79288, -0.106812, -0.0915527, 0.0305176, 21.8644, 92213.2
25113, 0.000820312, 0.000820312, 0.000820312, 0.00205078, 0.134551, 0.161461, 9.80266, -0.12207, 0.0457764, -0.0152588, 21.8602, 92212.7
25123, 0.00123047, 0.00164062, 0.000820312, 0.00287109, 0.136998, 0.139444, 9.78064, -0.0610352, 0.0152588, 0, 21.8614, 92213.2
25133, 0.00123047, 0.00164062, 0.00164062, 0.000820312, 0.14189, 0.139444, 9.80021, -0.12207, 0.0305176, 0.0305176, 21.8669, 92213.3
25143, 0.00410156, -0.00164062, 0.00205078, 0.00287109, 0.132105, 0.154122, 9.80511, -0.0762939, 0.0305176, 0.0762939, 21.8582, 92213.4
25153, 0.00205078, 0.00205078, 0.00164062, 0.00287109, 0.127212, 0.151676, 9.78554, -0.0915527, 0, 0.0305176, 21.8642, 92213.3
25163, 0.00502441, 0.00164062, 0, 0.00164062, 0.129658, 0.17614, 9.79043, -0.0762939, 0, 0.0457764, 21.8558, 92213
25173, 0.00410156, 0.00123047, 0.00123047, 0.00123047, 0.117426, 0.159015, 9.80511, -0.0152588, -0.0305176, 0.0457764, 21.8576, 92213.3
25203, 0.00410156, 0, 0.00287109, 0.00328125, 0.112534, 0.161461, 9.78064, -0.0305176, -0.0152588, 0, 21.8594, 92213.7
25213, -0.000410156, 0.000410156, 0.00164062, 0.00205078, 0.107641, 0.159015, 9.80755, -0.0915527, 0.0457764, 0, 21.8622, 92214
25223, 0.00287109, 0.000410156, 0.000410156, 0.00287109, 0.112534, 0.154122, 9.78798, -0.0915527, 0.0152588, 0.0152588, 21.8631, 92212.6
25233, 0.000820312, 0.000410156, 0.000410156, 0.00246094, 0.119873, 0.156569, 9.80266, -0.0457764, 0, 0, 21.8566, 92213.1
25243, 0.000820312, 0.000820312, 0.00164062, 0.000410156, 0.139444, 0.161461, 9.79777, -0.0457764, -0.0457764, 0.0457764, 21.8666, 92213.3
25253, 0.00164062, 0.00287109, 0.000410156, 0.00246094, 0.119873, 0.161461, 9.78798, -0.0457764, 0, 0.0610352, 21.8666, 92212.9
25263, 0.00287109, 0.00328125, 0.00123047, 0.00246094, 0.117426, 0.156569, 9.79777, -0.0610352, 0.0152588, 0.0305176, 21.8504, 92213.2
25273, 0.00369141, 0.00123047, 0, -0.000820312, 0.127212, 0.149229, 9.78554, -0.0152588, 0.0152588, 0, 21.8634, 92213.6
25293, 0.00123047, 0.000410156, 0.00164062, 0.00287109, 0.11498, 0.163908, 9.78554, -0.137329, -0.0457764, 0.0762939, 21.8526, 92213.5
25303, 0.00164062, 0.000410156, 0.000410156, 0.00328125, 0.11498, 0.136998, 9.79288, -0.0762939, 0, 0.0152588, 21.8586, 92212.5
25313, 0.00410156, 0.00123047, 0.00164062, 0.00328125, 0.127212, 0.151676, 9.79532, -0.0762939, -0.0152588, 0.0457764, 21.8461, 92212.8
25323, 0.00205078, 0, -0.000820312, 0.00328125, 0.119873, 0.149229, 9.79043, -0.0610352, 0.0305176, 0, 21.8578, 92212.7
25333, 0.00205078, 0.000820312, -0.000820312, 0.000820312, 0.122319, 0.159015, 9.78554, -0.0915527, -0.0610352, 0.0305176, 21.8575, 92213.3
25343, 0.00205078, 0.000820312, 0.00205078, 0.00123047, 0.102748, 0.156569, 9.78798, 0, 0, 0.0457764, 21.8576, 92213.1
25353, 0.00205078, 0.000410156, 0.00205078, 0.00246094, 0.127212, 0.159015, 9.80266, -0.0152588, 0.0610352, 0.0457764, 21.8722, 92213.6
25373, 0.000410156, -0.000820312, 0.000410156, 0.00287109, 0.110087, 0.14189, 9.80266, -0.0305176, 0.0305176, -0.0152588, 21.8532, 92213.7
25383, 0.00246094, 0, 0.00328125, 0.000410156, 0.105195, 0.163908, 9.78554, -0.0305176, -0.0305176, 0, 21.8532, 92213.2
25393, 0.00246094, 0, 0.00328125, 0.00205078, 0.112534, 0.151676, 9.77575, -0.0457764, 0, 0.0305176, 21.8718, 92213.2
25403, 0.00246094, 0.00246094, 0.00328125, 0.00164062, 0.105195, 0.166354, 9.7415, 0.0610352, 0.0305176, 0.0152588, 21.8606, 92213.8
25413, 0.00205078, 0.00205078, 0.000410156, 0.00164062, 0.132105, 0.188372, 9.53111, 0.427246, -0.106812, 0.0610352, 21.8631, 92213.2
25423, 0.00205078, 0.000410156, 0.000410156, 0.00205078, 0.149229, 0.183479, 10.1231, -0.0915527, 0.0915527, 0.0152588, 21.8678, 92213.4
25433, 0.00328125, 0, 0.00123047, 0.00328125, 0.136998, 0.139444, 10.1134, -0.12207, -0.0305176, 0.0152588, 21.8534, 92213.1
25443, 0.00164062, 0, 0.00123047, 0.00123047, 0.107641, 0.14189, 9.58493, -0.350952, 0.0762939, 0, 21.8664, 92213.4
25463, 0.00246094, 0.00205078, 0.000820312, 0.00328125, 0.14189, 0.122319, 9.70725, -0.0305176, 0.0762939, -0.0305176, 21.8671, 92213.5
25473, 0.00410156, 0.000410156, 0.00205078, 0.00328125, 0.132105, 0.163908, 9.99348, -0.0152588, -0.0305176, 0.0152588, 21.8754, 92213
25483, 0.00287109, 0.000820312, 0, 0.00205078, 0.132105, 0.168801, 9.81, -0.0152588, -0.0152588, 0.0305176, 21.8598, 92213.2
25493, 0.00205078, 0.000820312, 0, 0.00205078, 0.149229, 0.178586, 9.6045, -0.228882, -0.106812, 0, 21.8668, 92213.6
25503, 0.00205078, 0.00123047, 0.000410156, 0.00164062, 0.154122, 0.20305, 9.78064, -0.0152588, 0.183105, -0.0457764, 21.8664, 92213.2
25513, 0.00328125, 0.00205078, 0.00205078, 0.00246094, 0.122319, 0.168801, 9.8785, 0.106812, 0, 0.0915527, 21.8569, 92213.5
25523, 0.000820312, -0.000820312, 0.00287109, 0.00246094, 0.112534, 0.151676, 9.86871, -0.152588, -0.106812, 0.0305176, 21.8636, 92213.2
25543, 0.00123047, -0.000410156, -0.00164062, 0.00164062, 0.107641, 0.144337, 9.68768, -0.137329, 0.0610352, 0.0457764, 21.8648, 92213.6
25553, 0.00123047, -0.000410156, 0.00123047, 0.000820312, 0.095409, 0.149229, 9.9103, 0.0152588, -0.0305176, 0, 21.8594, 92213.5
25563, 0.00164062, 0.000410156, 0.00164062, 0.00164062, 0.110087, 0.154122, 9.9103, -0.0152588, 0.0915527, 0, 21.8715, 92213.4
25573, 0.00410156, -0.00164062, 0.00287109, 0.00164062, 0.095409, 0.159015, 9.69257, -0.289917, 0.106812, 0.0457764, 21.8531, 92213.1
25583, 0.000820312, 0.000410156, 0.00164062, 0.000410156, 0.112534, 0.166354, 9.69747, -0.198364, 0.0152588, -0.0305176, 21.8679, 92213.5
25593, 0.00287109, 0.00205078, 0.00205078, 0.00328125, 0.132105, 0.171247, 9.81489, -0.0457764, 0.0152588, 0.0610352, 21.864, 92213.5
25603, 0.00205078, 0.00205078, 0.00205078, 0.00287109, 0.132105, 0.17614, 9.8785, -0.0457764, 0.0457764, 0, 21.8654, 92213.2
25613, 0.00205078, 0, 0.00205078, 0.00123047, 0.139444, 0.173693, 9.78064, -0.106812, -0.0762939, 0.0762939, 21.8569, 92213.4
25633, 0.00123047, 0.000410156, 0.00123047, 0.00451172, 0.144337, 0.161461, 9.80021, -0.0305176, -0.0457764, 0.0762939, 21.862, 92213.8
25643, 0.00164062, 0.00164062, 0.00123047, 0.00123047, 0.129658, 0.132105, 9.64854, 0.0762939, 0.0152588, 0.0457764, 21.8577, 92213.4
25653, 0.00123047, 0.00164062, 0.00123047, 0.00328125, 0.127212, 0.188372, 9.80511, 0.0610352, -0.0457764, 0.0305176, 21.8627, 92213.3
25663, 0.00123047, 0.000410156, 0.00123047, 0.00164062, 0.107641, 0.173693, 10.0204, 0, -0.12207, -0.0305176, 21.8673, 92212.9
25673, 0.00246094, 0.00164062, -0.000410156, 0.00164062, 0.100302, 0.129658, 9.82712, -0.213623, 0.0610352, -0.0152588, 21.8542, 92213.6
25683, 0.00205078, -0.00164062, -0.000410156, 0.00205078, 0.107641, 0.124766, 9.80755, -0.0915527, -0.0152588, 0.0457764, 21.8621, 92213.5
25693, 0.00287109, 0.00287109, 0.00164062, 0.00410156, 0.132105, 0.122319, 9.76597, -0.0762939, 0.0610352, -0.0305176, 21.8643, 92213.3
25703, 0.00451172, 0.00287109, 0.00164062, 0.000820312, 0.139444, 0.134551, 9.80021, -0.183105, 0.0152588, 0.0152588, 21.8726, 92213.9
25723, 0, 0, 0.00205078, 0.00328125, 0.127212, 0.154122, 9.65833, -0.0305176, -0.0762939, 0.0152588, 21.8664, 92213.3
25733, 0.00246094, 0.00123047, 0.00164062, 0.00328125, 0.139444, 0.190818, 9.72682, 0, -0.12207, 0.0152588, 21.8664, 92213.7
25743, 0.00164062, -0.00123047, 0.00246094, 0.00123047, 0.154122, 0.190818, 9.89807, -0.137329, -0.0305176, 0.106812, 21.8619, 92213.4
25753, 0.00164062, 0.00164062, 0.00246094, 0.00328125, 0.105195, 0.154122, 9.8467, -0.152588, 0.0305176, 0.0610352, 21.8704, 92213.6
25763, 0.00164062, 0.00164062, 0.000410156, 0.00123047, 0.112534, 0.159015, 9.81, -0.0915527, -0.0610352, 0.0457764, 21.8601, 92213.3
25773, 0.00328125, 0, 0.00287109, 0.00205078, 0.0929626, 0.149229, 9.75129, -0.0457764, -0.0457764, 0.0457764, 21.8693, 92212.9
25783, 0.00205078, 0.00123047, 0.000410156, 0.00205078, 0.102748, 0.134551, 9.73906, -0.106812, 0.0762939, 0.0610352, 21.8589, 92213.4
25803, 0.00287109, 0, 0.00205078, 0.00164062, 0.105195, 0.149229, 9.63141, 0, 0.12207, 0.0152588, 21.8664, 92213.4
25813, 0.00369141, 0, 0.00205078, 0.00205078, 0.122319, 0.190818, 9.62897, 0.0457764, -0.0915527, 0.0610352, 21.8666, 92213.3
25823, 0.00369141, -0.000410156, 0.000410156, 0.00369141, 0.144337, 0.17614, 10.0277, 0.0915527, -0.0610352, 0, 21.8678, 92213.1
25833, 0.00164062, -0.000410156, 0.00164062, 0.00369141, 0.161461, 0.144337, 10.0253, -0.213623, 0.0305176, 0, 21.8575, 92213.3
25843, 0.00205078, -0.000410156, 0.00123047, 0, 0.132105, 0.136998, 9.84425, -0.12207, -0.0915527, -0.0305176, 21.8716, 92213.5
25853, 0.00328125, -0.000410156, 0.00287109, 0.000410156, 0.136998, 0.151676, 9.63386, 0.0305176, -0.0152588, -0.0152588, 21.8565, 92213.5
25863, 0.00328125, -0.000410156, 0.00287109, -0.000820312, 0.129658, 0.127212, 9.71459, -0.0915527, 0.152588, 0.0762939, 21.8661, 92213.1
25873, 0.00328125, -0.00246094, 0.000820312, 0.00246094, 0.110087, 0.124766, 9.99348, -0.167847, 0.0457764, 0.12207, 21.8667, 92212.6
25893, 0.00164062, -0.000410156, 0.00123047, -0.000410156, 0.117426, 0.161461, 9.66077, -0.213623, -0.0915527, 0, 21.8761, 92213.6
25903, 0.00164062, 0, 0, 0.00246094, 0.0978554, 0.163908, 9.64609, -0.152588, 0.106812, -0.0915527, 21.8611, 92213.8
25913, 0.00246094, 0, 0, 0.00123047, 0.110087, 0.156569, 9.80755, -0.0762939, 0.0152588, -0.0915527, 21.8695, 92212.8
25923, 0.00246094, 0.000410156, 0.00246094, 0.00205078, 0.124766, 0.181032, 9.94455, -0.137329, -0.106812, -0.0457764, 21.8556, 92213.3
25933, 0.00246094, 0.00123047, 0.00123047, 0.00410156, 0.163908, 0.188372, 9.78064, -0.183105, 0, -0.0305176, 21.8694, 92213.3
25943, 0, 0.00164062, 0.00164062, 0.00410156, 0.146783, 0.163908, 9.69502, -0.0610352, 0.0762939, 0.0610352, 21.859, 92213.2
25953, 0.00410156, 0.000410156, 0.00164062, 0.00246094, 0.139444, 0.166354, 9.81489, 0.0305176, 0.0610352, 0.0762939, 21.863, 92213
25973, -0.000410156, -0.000410156, 0.00410156, 0.00246094, 0.117426, 0.156569, 9.76352, -0.0305176, -0.0457764, 0.12207, 21.879, 92213.3
25983, 0, 0.00164062, -0.00123047, 0.00205078, 0.100302, 0.144337, 9.69747, -0.0762939, -0.12207, 0.106812, 21.8667, 92213.1
25993, 0.00123047, -0.000410156, 0.00123047, 0.00205078, 0.0856234, 0.14189, 9.45038, 0.366211, -0.106812, 0.0457764, 21.8671, 92213.3
26003, 0.00328125, 0, 0.00205078, 0.00164062, 0.127212, 0.17614, 10.0155, 0.0762939, 0.0610352, 0.0152588, 21.8706, 92213.4
26013, 0.00287109, 0, 0.00123047, 0.00369141, 0.127212, 0.168801, 10.243, -0.152588, -0.0762939, -0.0152588, 21.8665, 92213.3
26023, 0.00164062, 0, 0.00123047, 0.00328125, 0.119873, 0.129658, 9.70725, -0.488281, 0.137329, 0.0152588, 21.8614, 92213.5
26033, 0.00164062, 0.00164062, 0.00287109, 0.00328125, 0.124766, 0.132105, 9.58249, -0.0610352, 0.0305176, 0.0610352, 21.8671, 92213.4
26043, 0.00369141, 0.000410156, 0, 0.00328125, 0.144337, 0.122319, 9.72682, -0.0152588, 0.106812, 0.0305176, 21.8639, 92213.2
26063, 0.00123047, 0.00123047, 0.00164062, -0.000820312, 0.0929626, 0.159015, 9.82712, -0.152588, 0.0762939, 0.106812, 21.8676, 92212.9
26073, 0.00543457, 0.00123047, 0.00164062, 0.00164062, 0.124766, 0.185925, 9.5727, -0.106812, -0.198364, 0.0915527, 21.87, 92212.9
26083, 0.00543457, -0.00123047, 0.00205078, 0.00328125, 0.139444, 0.210389, 9.72927, -0.0457764, -0.0762939, 0.0457764, 21.8683, 92212.9
26093, 0.00328125, 0.00123047, 0.00205078, 0.00328125, 0.129658, 0.183479, 9.96657, 0.0152588, 0.0762939, 0.0305176, 21.8706, 92212.9
26103, 0.000820312, 0.00205078, 0.00246094, 0.00451172, 0.095409, 0.146783, 9.90541, -0.0915527, -0.12207, 0.0305176, 21.875, 92214
26113, 0.00287109, 0.00205078, 0.00123047, 0.00123047, 0.11498, 0.168801, 9.73661, -0.0915527, -0.0610352, -0.0152588, 21.8665, 92213
26123, 0.00164062, 0.00205078, 0.00123047, 0.000410156, 0.119873, 0.166354, 9.61184, -0.0915527, 0.0610352, 0.0457764, 21.8692, 92213.3
26143, 0.00246094, 0.000410156, 0.000410156, 0.00451172, 0.124766, 0.161461, 9.81, 0.0305176, 0.0610352, 0.0305176, 21.8703, 92213.4
26153, 0.00164062, 0.00246094, 0.00164062, 0.00451172, 0.129658, 0.178586, 9.61429, 0.106812, -0.183105, 0, 21.8647, 92213.5
26163, 0.00410156, -0.000410156, 0.00410156, 0.00205078, 0.127212, 0.166354, 9.97146, -0.0915527, -0.12207, 0.0915527, 21.8659, 92213.4
26173, 0.00246094, -0.000410156, 0.00410156, 0.000410156, 0.124766, 0.11498, 10.0106, -0.0457764, -0.0305176, 0.0457764, 21.8743, 92213.4
26183, 0.00246094, 0.00205078, 0.00246094, 0.00246094, 0.105195, 0.122319, 9.87605, -0.0915527, 0, 0.0762939, 21.8622, 92212.7
26193, 0.00205078, 0, 0, 0.00164062, 0.119873, 0.154122, 9.74884, -0.0305176, 0.0610352, 0.0152588, 21.8502, 92214.1
26203, 0.00164062, -0.000820312, 0.00205078, 0.00164062, 0.127212, 0.159015, 9.70725, -0.198364, 0.183105, 0.0457764, 21.8768, 92213.7
26213, 0.00164062, 0, 0, 0.00205078, 0.124766, 0.134551, 9.89318, -0.213623, 0.0762939, 0.0305176, 21.8561, 92213.5
26233, 0.00164062, 0.00164062, 0.00205078, 0.00287109, 0.159015, 0.185925, 9.62163, -0.137329, -0.0457764, 0, 21.8591, 92212.8
26243, 0.00164062, 0, 0.000820312, 0.00287109, 0.161461, 0.190818, 9.68034, -0.152588, 0.0762939, 0.0610352, 21.8584, 92213.6
26253, 0.00205078, 0, 0.00123047, 0.00287109, 0.119873, 0.161461, 9.81245, -0.0457764, -0.0152588, 0.0610352, 21.87, 92213
26263, 0.00287109, 0.00123047, 0.00205078, 0.00328125, 0.119873, 0.127212, 9.95434, -0.0152588, -0.167847, 0.0457764, 21.8668, 92213.3
26273, 0, 0.00123047, 0.00123047, 0.00164062, 0.132105, 0.154122, 9.85648, -0.0152588, -0.0457764, 0.0305176, 21.8669, 92213.1
26283, 0.00246094, 0.00123047, 0.00123047, 0.00328125, 0.117426, 0.149229, 9.66566, -0.0610352, 0.0457764, 0.0305176, 21.8579, 92213.1
26293, 0.00246094, -0.000820312, 0.00164062, 0.00123047, 0.095409, 0.124766, 9.79777, -0.0610352, 0.152588, 0, 21.8627, 92213.3
26313, 0.00246094, -0.000410156, 0.00123047, -0.000410156, 0.112534, 0.178586, 9.72927, -0.0457764, -0.106812, 0.0305176, 21.8723, 92212.6
26323, 0.00205078, 0, 0, 0.00246094, 0.107641, 0.181032, 9.46261, 0.289917, -0.259399, -0.0305176, 21.8691, 92212.7
26333, 0.00584473, 0, 0, 0.00246094, 0.117426, 0.200604, 9.95678, 0.0305176, 0.0610352, 0.0457764, 21.8678, 92213.4
26343, 0.00584473, 0.00164062, 0.00123047, 0.00205078, 0.134551, 0.171247, 10.314, -0.152588, -0.0305176, 0.0152588, 21.8591, 92212.3
26353, 0.00328125, 0.000820312, 0.00287109, 0.00164062, 0.112534, 0.166354, 9.80511, -0.38147, 0.0152588, 0.0152588, 21.8795, 92213.6
26363, 0.00369141, -0.00205078, 0.000820312, 0.00164062, 0.112534, 0.119873, 9.51643, 0.0305176, 0, 0.0457764, 21.8617, 92213.2
26373, 0.00205078, 0.00164062, -0.000410156, 0.000820312, 0.127212, 0.110087, 9.61184, -0.183105, 0.167847, 0.0610352, 21.8634, 92212.3
26383, 0.00123047, 0.00164062, -0.000410156, 0.00164062, 0.117426, 0.144337, 9.9788, 0.0762939, 0.0915527, 0.0610352, 21.8724, 92213.2
26403, 0.00246094, 0.000820312, 0.000410156, 0.00328125, 0.136998, 0.163908, 9.56781, -0.0762939, -0.183105, 0.0305176, 21.8811, 92213
26413, 0.00369141, 0.000410156, 0.00287109, 0.00328125, 0.149229, 0.200604, 9.65343, -0.12207, 0.0305176, 0.0305176, 21.8671, 92213
26423, 0.000410156, 0.00123047, 0.000410156, 0.00328125, 0.117426, 0.185925, 9.9152, -0.0305176, 0.0610352, -0.0305176, 21.8702, 92213.1
26433, 0.00287109, 0.00205078, 0.00369141, 0.00123047, 0.134551, 0.159015, 9.98369, -0.167847, -0.0457764, -0.0610352, 21.8694, 92212.9
26443, 0.00205078, 0.00205078, 0.00369141, 0.000410156, 0.149229, 0.166354, 9.80266, -0.0305176, -0.0610352, 0.0305176, 21.8699, 92213.2
26453, 0.00205078, 0.00205078, 0.000820312, 0.000820312, 0.144337, 0.156569, 9.56536, -0.167847, 0.0610352, 0.0610352, 21.8604, 92213
26463, 0.000820312, 0.000820312, 0.000410156, 0.000820312, 0.11498, 0.156569, 9.75618, 0.0305176, 0.0610352, 0.0610352, 21.8633, 92213.5
26483, 0.00451172, 0.00205078, 0.00246094, 0.000820312, 0.117426, 0.190818, 9.78554, -0.0915527, 0.0152588, 0.0915527, 21.8699, 92213.1
26493, 0.00246094, 0.00205078, 0.00246094, 0.00123047, 0.095409, 0.207943, 9.39901, 0.335693, -0.289917, 0, 21.8763, 92212.8
26503, 0.00246094, 0.00205078, 0.00205078, 0.00287109, 0.102748, 0.168801, 10.0815, 0.152588, -0.137329, -0.0152588, 21.8755, 92213
26513, 0.00246094, -0.00123047, 0.00287109, 0.00287109, 0.124766, 0.124766, 10.2895, -0.106812, 0.0152588, 0.0610352, 21.8808, 92213
26523, 0.00246094, 0.00246094, 0.00164062, 0.00410156, 0.0831771, 0.122319, 9.82468, -0.228882, 0.0305176, 0.0305176, 21.8699, 92213.3
26533, 0.00164062, 0.00328125, 0, 0.00246094, 0.11498, 0.159015, 9.51399, 0.0152588, 0, 0.0152588, 21.8825, 92213
26543, 0.00502441, 0.00328125, 0, 0.00369141, 0.159015, 0.156569, 9.69991, -0.289917, 0.152588, 0.0915527, 21.8765, 92213.6
26553, 0.00502441, 0, 0.000820312, 0.000820312, 0.136998, 0.146783, 10.0497, -0.228882, 0.228882, 0.0152588, 21.871, 92212.9
26573, 0.00246094, 0.00164062, 0.00164062, 0.00205078, 0.156569, 0.178586, 9.45772, -0.0152588, -0.183105, 0.0305176, 21.8779, 92213.4
26583, 0.00246094, -0.00123047, 0.00164062, 0.00410156, 0.151676, 0.193264, 9.70725, -0.0762939, 0.106812, 0.0305176, 21.8763, 92213.5
26593, 0.00451172, -0.00123047, 0.00164062, 0.000410156, 0.144337, 0.149229, 9.96902, -0.0915527, 0.0305176, 0, 21.8725, 92213.2
26603, 0.00205078, 0.00123047, 0.000410156, 0.00164062, 0.139444, 0.112534, 10.0106, -0.152588, -0.167847, 0.0457764, 21.8652, 92213.2
26613, 0.00205078, 0.00164062, 0.00123047, 0.00328125, 0.146783, 0.146783, 9.73172, -0.0152588, -0.0457764, 0.12207, 21.8799, 92213.3
26623, 0.00328125, 0.000820312, 0.000410156, 0.00328125, 0.117426, 0.161461, 9.56536, -0.137329, 0.12207, 0.0305176, 21.8656, 92213.5
26633, 0.00205078, 0.000410156, 0.000820312, 0.00205078, 0.102748, 0.144337, 9.83691, -0.0305176, 0.12207, 0.0610352, 21.8717, 92213.6
26653, -0.000820312, 0.00205078, 0.00205078, 0.00205078, 0.122319, 0.181032, 9.73172, -0.183105, 0.0610352, 0.0457764, 21.8755, 92213.4
26663, -0.000820312, 0.00205078, 0.00164062, 0.00369141, 0.119873, 0.200604, 9.6045, -0.167847, 0.0610352, 0.0457764, 21.8734, 92213.2
26673, 0.000820312, 0, 0.00246094, 0.00369141, 0.11498, 0.168801, 9.81, -0.0152588, 0.0610352, 0, 21.8727, 92213.1
26683, 0.00246094, 0.00123047, 0.00123047, 0.00246094, 0.110087, 0.151676, 10.0302, 0.0152588, -0.0457764, 0.0457764, 21.8736, 92213.4
26693, 0.00205078, 0.000820312, 0, 0.00287109, 0.122319, 0.159015, 9.81489, -0.0457764, -0.152588, 0.0610352, 21.8702, 92213.1
26703, -0.000410156, 0.000820312, 0, 0, 0.102748, 0.168801, 9.25956, 0.457764, -0.0305176, 0.0457764, 21.8693, 92212.8
26713, -0.000410156, 0.00246094, 0.000410156, 0.00410156, 0.11498, 0.17614, 10.0473, -0.0610352, 0.0152588, 0.0610352, 21.8819, 92213.2
26723, 0.00205078, -0.00205078, 0.000410156, 0.00410156, 0.11498, 0.127212, 10.4216, -0.12207, 0.228882, 0.0305176, 21.8767, 92213
26743, 0.00205078, 0.00287109, -0.000410156, 0.000820312, 0.0929626, 0.136998, 9.40145, -0.0457764, 0.0610352, 0, 21.8755, 92213.1
26753, 0.00328125, 0.00287109, -0.000410156, 0.00369141, 0.119873, 0.132105, 9.58004, -0.0762939, 0.0305176, -0.0305176, 21.8745, 92213.1
26763, 0.00328125, 0.00205078, 0.00205078, 0.00246094, 0.149229, 0.166354, 10.106, -0.0610352, 0.0152588, -0.0305176, 21.8693, 92213.5
26773, 0.00123047, 0.000820312, 0, 0.00328125, 0.146783, 0.161461, 9.97391, -0.0305176, -0.12207, 0.0152588, 21.8677, 92213.2
26783, 0.00287109, -0.000410156, 0.000410156, 0.00328125, 0.171247, 0.20305, 9.53111, -0.0915527, 0.183105, 0.106812, 21.8686, 92213.3
26793, 0.00369141, 0.00123047, 0.00205078, 0.00246094, 0.193264, 0.225067, 9.66566, -0.0915527, 0.12207, 0.106812, 21.8689, 92213
26803, 0.000820312, 0.00123047, 0.00205078, 0.00205078, 0.132105, 0.17614, 9.86382, 0.0305176, -0.213623, 0.12207, 21.8778, 92214
26823, 0.00246094, 0, 0.00164062, 0.00164062, 0.14189, 0.159015, 9.80266, 0.0305176, 0.152588, 0.0305176, 21.8704, 92213.8
26833, 0.00246094, -0.000410156, 0.00123047, 0.00164062, 0.105195, 0.149229, 9.56292, -0.106812, -0.137329, 0.0457764, 21.8672, 92212.8
26843, 0.000820312, 0.00123047, 0.00246094, 0.00328125, 0.0611596, 0.117426, 9.38922, 0.549316, -0.183105, 0.0152588, 21.8658, 92213.2
26853, 0.00246094, 0.00123047, 0.000820312, 0.000820312, 0.119873, 0.146783, 10.0864, 0.228882, -0.12207, 0.0915527, 21.8618, 92213.2
26863, 0.00205078, 0.00164062, 0.000820312, 0.00164062, 0.139444, 0.144337, 10.287, -0.198364, 0.0762939, 0.0457764, 21.8734, 92213
26873, 0.00205078, 0.000410156, -0.000820312, 0, 0.0880698, 0.154122, 9.71214, -0.152588, 0.0457764, -0.0610352, 21.8777, 92213.5
26883, 0.00369141, 0.00123047, 0.00246094, 0, 0.0978554, 0.168801, 9.66322, -0.0915527, 0.198364, 0.0305176, 21.8666, 92213.3
26893, 0.00205078, 0.00123047, 0.00205078, 0.00123047, 0.134551, 0.168801, 9.92253, -0.320435, 0.12207, 0.0152588, 21.8684, 92213.6
26913, 0.000410156, 0.00246094, 0.00123047, 0.000410156, 0.119873, 0.188372, 9.50176, 0.152588, -0.106812, 0.0152588, 21.881, 92213.5
26923, 0.000410156, 0.000410156, 0.00205078, 0.00328125, 0.14189, 0.178586, 9.56292, 0, -0.0152588, 0.0152588, 21.8631, 92212.7
26933, 0.00246094, 0, -0.00123047, 0.00328125, 0.163908, 0.166354, 9.97635, -0.198364, 0.167847, 0.12207, 21.8804, 92212.9
26943, 0.00410156, 0.00123047, 0.00246094, 0.00410156, 0.134551, 0.163908, 10.0179, -0.12207, -0.0610352, 0, 21.8811, 92213.1
26953, 0.00328125, 0, 0.00164062, 0.00205078, 0.095409, 0.139444, 9.68768, 0.0152588, -0.0762939, 0.0457764, 21.8661, 92213.4
26963, 0.00246094, 0, 0.00164062, 0.00287109, 0.119873, 0.14189, 9.63631, -0.0762939, 0.167847, -0.0305176, 21.8591, 92213.6
26973, 0.00246094, 0.000820312, 0.00164062, 0.00369141, 0.136998, 0.139444, 9.8467, -0.106812, 0.0457764, 0, 21.8762, 92213.2
26993, 0.00451172, 0, 0.00205078, 0.00205078, 0.146783, 0.200604, 9.74639, 0.0305176, -0.0762939, 0.0152588, 21.8818, 92213.8
27003, 0.00246094, -0.00123047, 0.00246094, 0.00328125, 0.17614, 0.220175, 9.96657, -0.305176, -0.0152588, 0, 21.8855, 92213.4
27013, 0.000820312, -0.00123047, 0.00246094, 0.00287109, 0.144337, 0.166354, 9.81489, -0.289917, 0.0762939, 0.0610352, 21.8707, 92213.1
27023, 0.00328125, 0.000820312, 0.00164062, 0.00123047, 0.112534, 0.144337, 9.76352, 0.0305176, -0.0610352, 0.106812, 21.8697, 92213.7
27033, 0.00328125, 0.00205078, 0.00164062, 0.00246094, 0.117426, 0.146783, 9.78309, -0.137329, 0.0457764, 0.0305176, 21.8754, 92212.9
27043, 0.00543457, -0.00123047, 0.00123047, 0.00246094, 0.119873, 0.119873, 9.81489, -0.0610352, 0.0457764, 0.0305176, 21.8795, 92213.3
27053, 0.00123047, -0.000410156, 0.00123047, 0, 0.0856234, 0.166354, 9.79777, 0.137329, 0, 0.0152588, 21.8792, 92213.2
27063, 0.000410156, -0.000410156, -0.00164062, 0.00164062, 0.112534, 0.171247, 9.49686, 0.213623, -0.305176, 0.0152588, 21.8819, 92213.1
27083, 0.00287109, -0.000410156, -0.000410156, 0.00328125, 0.181032, 0.225067, 10.0033, -0.12207, 0, 0.0762939, 21.878, 92214.3
27093, 0, 0.000820312, 0.000410156, 0.00328125, 0.134551, 0.151676, 9.81979, -0.0915527, -0.152588, 0.0610352, 21.8737, 92213.1
27103, 0.00246094, 0.00205078, 0.00328125, 0.00246094, 0.112534, 0.129658, 9.70481, 0.0457764, 0, 0.0305176, 21.8725, 92213.5
27113, 0.00205078, 0.00164062, 0, 0.000820312, 0.0880698, 0.0929626, 9.74395, -0.183105, 0.167847, -0.0152588, 21.8627, 92213.2
27123, 0.000820312, 0.00164062, 0, 0.00369141, 0.0733915, 0.0978554, 9.93966, -0.0610352, 0.137329, -0.0152588, 21.8711, 92213.6
27133, 0.000820312, 0.000410156, 0.00246094, 0.000820312, 0.0758379, 0.100302, 9.86137, -0.0610352, -0.0762939, 0, 21.8843, 92213
27143, 0.00287109, -0.00287109, 0.000820312, 0.000820312, 0.0905162, 0.161461, 9.67545, -0.289917, 0.0762939, 0.0152588, 21.8756, 92213
27153, 0.00369141, -0.000820312, 0.000410156, 0.00287109, 0.122319, 0.183479, 9.68524, -0.183105, 0.0915527, 0.0152588, 21.8731, 92212.8
27173, 0.00205078, -0.000410156, 0.00164062, -0.000410156, 0.134551, 0.198157, 9.9152, -0.12207, -0.183105, 0.0152588, 21.8724, 92213
27183, 0.00205078, 0.00164062, 0.00246094, 0, 0.154122, 0.159015, 9.80511, -0.167847, 0.0457764, 0.0152588, 21.8683, 92212.5
27193, 0.00287109, 0.000820312, 0.00246094, 0.00451172, 0.149229, 0.161461, 9.71459, -0.137329, 0.0915527, 0.0305176, 21.8665, 92212.9
27203, 0.00369141, 0.00287109, 0.00123047, 0.00451172, 0.159015, 0.154122, 9.86137, -0.0305176, 0.106812, 0.106812, 21.8844, 92213.4
27213, 0.00164062, -0.000820312, 0, 0.00246094, 0.14189, 0.139444, 9.92498, -0.12207, 0.0152588, 0.0457764, 21.8811, 92212.8
27223, 0.00123047, -0.000820312, 0, 0.00328125, 0.136998, 0.124766, 9.67545, -0.274658, 0.0457764, 0.0915527, 21.8794, 92212.9
27233, 0.00246094, 0.00164062, 0.00287109, 0.00246094, 0.132105, 0.139444, 9.61674, -0.183105, -0.0152588, 0.0610352, 21.8677, 92212.8
27253, 0.00164062, 0.000410156, 0.000410156, 0.000820312, 0.11498, 0.154122, 9.95189, -0.0915527, -0.0152588, -0.0152588, 21.8748, 92213
27263, 0.000820312, 0.000820312, 0.00123047, 0.00369141, 0.0856234, 0.154122, 9.81979, -0.12207, -0.0152588, -0.0152588, 21.8742, 92212.8
27273, 0.00369141, 0.000820312, 0.000410156, 0.00369141, 0.117426, 0.159015, 9.68279, -0.0610352, -0.137329, -0.0305176, 21.8775, 92213
27283, 0.00328125, 0.00123047, 0.000410156, 0.00451172, 0.139444, 0.183479, 9.75618, -0.12207, -0.0305176, 0.0610352, 21.8741, 92213.2
27293, 0.00328125, 0.00287109, 0.00205078, 0.00164062, 0.136998, 0.14189, 9.37454, 0.213623, 0.0610352, 0.0915527, 21.8669, 92213
27303, 0.00164062, 0.000410156, 0.000820312, 0.00164062, 0.129658, 0.198157, 9.86871, 0.106812, -0.12207, 0.0610352, 21.8748, 92213.6
27313, 0.000820312, 0.00164062, 0.000410156, 0.000410156, 0.129658, 0.185925, 10.1623, 0.0915527, -0.106812, 0.152588, 21.8736, 92213.1
27323, 0.00328125, 0.00123047, 0, 0.000410156, 0.119873, 0.146783, 9.59472, -0.228882, 0.152588, 0.0915527, 21.8712, 92213
27343, 0.000410156, -0.00123047, 0.000410156, 0.000820312, 0.0807307, 0.119873, 10.1892, 0.0610352, -0.137329, 0.0152588, 21.88, 92213.1
27353, 0.00164062, 0.00205078, 0, 0.000820312, 0.0905162, 0.102748, 10.0449, -0.274658, 0.198364, 0, 21.8747, 92213.2
27363, 0.00328125, 0.00123047, 0.00205078, 0.000410156, 0.11498, 0.144337, 9.7415, -0.228882, 0.0762939, -0.0152588, 21.8737, 92212.7
27373, 0.00246094, 0, 0, 0.00205078, 0.0978554, 0.161461, 9.49931, 0.0457764, -0.0457764, 0, 21.8788, 92212.8
27383, 0.00123047, 0, 0, 0.00164062, 0.154122, 0.188372, 9.72927, -0.213623, 0.152588, 0.0305176, 21.8768, 92212.9
27393, 0.00246094, -0.00205078, 0.000820312, 0, 0.193264, 0.193264, 9.99593, -0.183105, 0.137329, 0.0457764, 21.8805, 92213.3
27403, 0.00246094, 0.00123047, 0.000410156, 0.00123047, 0.159015, 0.163908, 9.7733, 0.0305176, -0.106812, 0.0457764, 21.8771, 92213.1
27423, 0.00164062, -0.000410156, 0.00328125, 0.00287109, 0.154122, 0.154122, 9.74884, -0.213623, 0.198364, 0.0457764, 21.8768, 92213
27433, 0.00205078, -0.000410156, 0.00328125, 0.000410156, 0.154122, 0.119873, 9.74639, -0.0610352, -0.0457764, 0.0915527, 21.8805, 92213
27443, 0.00287109, 0.00123047, -0.000410156, 0.00287109, 0.127212, 0.134551, 9.93477, 0.0762939, -0.152588, 0.0457764, 21.8879, 92212.9
27453, 0.00287109, 0.00287109, 0.00287109, 0.00502441, 0.112534, 0.151676, 9.79043, -0.0457764, -0.0457764, 0.0152588, 21.8821, 92213.1
27463, 0.00287109, 0.000410156, 0.000410156, 0.00502441, 0.127212, 0.136998, 9.70236, -0.289917, 0.137329, 0.12207, 21.8771, 92212.8
27473, 0.00164062, -0.000410156, 0.00543457, 0.00164062, 0.0978554, 0.159015, 9.85404, 0.0457764, 0, 0.0305176, 21.8816, 92212.8
27483, 0.00164062, -0.000410156, -0.000410156, 0.00328125, 0.100302, 0.171247, 9.87116, -0.0610352, 0.0305176, -0.0305176, 21.8737, 92213
27493, 0.00451172, 0.00164062, -0.000410156, 0.00205078, 0.122319, 0.163908, 9.78309, -0.228882, -0.0610352, -0.0457764, 21.8846, 92212.4
27513, 0.00246094, 0.00328125, 0.000820312, 0.00287109, 0.134551, 0.163908, 9.7782, -0.0305176, 0.0457764, 0.0762939, 21.8771, 92213.1
27523, 0.00410156, -0.000820312, 0.00164062, 0.00205078, 0.149229, 0.178586, 9.9152, -0.0915527, 0.0610352, 0.106812, 21.8835, 92213.8
27533, 0.00328125, -0.000820312, 0.00123047, 0, 0.136998, 0.183479, 9.79532, -0.12207, 0.0457764, 0.0915527, 21.8925, 92213.1
27543, 0.00123047, 0.000820312, 0.00123047, 0.00123047, 0.124766, 0.168801, 9.67056, -0.0915527, 0.0305176, 0.106812, 21.8737, 92212.8
27553, 0.00123047, 0.000410156, 0.00205078, 0.00205078, 0.11498, 0.168801, 9.78798, -0.0457764, -0.0610352, 0.152588, 21.8796, 92213
27563, 0.00502441, 0.000820312, 0.00123047, 0.00205078, 0.107641, 0.134551, 9.93477, -0.0610352, -0.0152588, 0.0610352, 21.8883, 92213.8
27573, 0.00205078, 0.000410156, 0.00205078, 0.000820312, 0.110087, 0.129658, 9.8418, -0.0915527, 0.0610352, 0.0305176, 21.8752, 92213.4
27593, 0.00205078, 0.00246094, 0.00369141, 0.00164062, 0.139444, 0.149229, 9.73416, -0.0305176, 0.0762939, -0.106812, 21.8824, 92213.3
27603, 0.00205078, -0.000820312, 0.00164062, 0.00164062, 0.166354, 0.136998, 9.82957, -0.0610352, -0.0152588, 0, 21.87, 92213.5
27613, 0.00205078, -0.000820312, 0.00164062, 0.00164062, 0.163908, 0.166354, 9.83202, 0, 0.0915527, 0, 21.8693, 92213.3
27623, 0.000820312, 0.00123047, 0.000410156, 0.00246094, 0.163908, 0.178586, 9.7733, -0.0762939, 0, 0.0305176, 21.8727, 92213.2
27633, 0.00246094, 0.000820312, 0.000820312, 0.00369141, 0.149229, 0.178586, 9.75618, -0.0305176, 0, 0.106812, 21.8839, 92212.5
27643, 0.00287109, 0.000820312, 0.000820312, 0.00328125, 0.119873, 0.163908, 9.77086, -0.0610352, -0.0457764, 0.0915527, 21.8767, 92212.8
27653, 0.00287109, 0.000410156, 0.00164062, 0.00625488, 0.102748, 0.144337, 9.84914, -0.0152588, 0, 0.0457764, 21.8807, 92213.7
27663, 0.00287109, 0.00123047, 0.00205078, 0.00205078, 0.0831771, 0.122319, 9.82712, -0.0610352, 0.0152588, 0.0457764, 21.8809, 92213.3
27683, 0.00287109, 0.00164062, 0.000410156, 0.00164062, 0.0831771, 0.134551, 9.79043, 0, 0.0610352, 0.0305176, 21.8797, 92213.3
27693, 0.000820312, 0.00164062, 0.000820312, 0.00205078, 0.102748, 0.144337, 9.83446, -0.0762939, -0.0457764, 0.0152588, 21.8871, 92213.5
27703, 0.00123047, -0.000820312, 0.000820312, 0.00287109, 0.0978554, 0.154122, 9.80266, -0.106812, 0.0610352, 0, 21.8756, 92213.4
27713, 0.00123047, -0.000410156, 0.000820312, 0.00328125, 0.100302, 0.17614, 9.78309, -0.137329, -0.0457764, -0.0152588, 21.8793, 92212.6
27723, 0.00246094, 0.00123047, 0.00164062, 0.00328125, 0.119873, 0.193264, 9.72927, -0.0457764, -0.0305176, -0.0305176, 21.8872, 92213.2
27733, 0.00164062, 0.00246094, 0.000410156, 0.00328125, 0.151676, 0.200604, 9.78798, 0.0305176, 0.0457764, 0.0610352, 21.8874, 92213.3
27743, 0.000820312, 0.00246094, 0.00328125, 0.00123047, 0.156569, 0.195711, 9.85404, 0.0152588, 0.0610352, 0.0457764, 21.8797, 92213.1
27763, 0.00246094, 0.00246094, 0.00205078, 0.00123047, 0.139444, 0.14189, 9.79532, 0.0152588, -0.0457764, 0.106812, 21.8755, 92213.1
27773, 0.00205078, 0.00123047, 0.000410156, 0.00123047, 0.134551, 0.14189, 9.81245, -0.0610352, 0.0152588, 0.0915527, 21.8809, 92213
27783, 0.00246094, -0.000410156, 0.00123047, 0.00246094, 0.112534, 0.112534, 9.84425, -0.0457764, 0.0762939, 0.0152588, 21.8714, 92212.8
27793, 0, 0.00205078, 0.00164062, 0.00123047, 0.105195, 0.122319, 9.83936, -0.0915527, -0.0152588, 0, 21.8803, 92213.3
27803, 0.00246094, 0.00205078, 0.00164062, 0, 0.11498, 0.127212, 9.79043, -0.167847, -0.0305176, -0.0457764, 21.8904, 92213.2
27813, 0.00164062, 0, 0, 0, 0.129658, 0.154122, 9.74639, -0.12207, 0.0762939, -0.0152588, 21.8797, 92213
27823, 0.00164062, 0.000820312, 0.00164062, 0, 0.139444, 0.166354, 9.76841, -0.137329, -0.0457764, -0.0610352, 21.8886, 92213.4
27833, 0.00328125, 0.00123047, 0.000820312, 0.00205078, 0.144337, 0.156569, 9.82712, -0.0762939, -0.0762939, 0, 21.8759, 92213
27853, 0.00164062, 0, 0.00205078, 0.00287109, 0.127212, 0.181032, 9.73661, -0.0762939, 0.0305176, 0.0915527, 21.8763, 92212.9
27863, 0.00287109, 0.000820312, 0.00123047, 0.000410156, 0.119873, 0.149229, 9.81, 0.0457764, 0, 0.0610352, 21.8882, 92213.6
27873, 0.00287109, 0.000410156, -0.000820312, 0.000820312, 0.100302, 0.168801, 9.85893, 0, 0.0152588, 0.0305176, 21.8721, 92212.8
27883, 0.00123047, 0.000410156, 0.000410156, 0.000820312, 0.0929626, 0.166354, 9.79777, -0.0762939, 0.0915527, 0.0610352, 21.8822, 92212.9
27893, 0.000410156, 0.000820312, 0.00246094, 0.00328125, 0.105195, 0.149229, 9.73661, -0.0762939, 0, 0.0305176, 21.875, 92213
27903, 0.00164062, 0.000820312, -0.000410156, 0.00410156, 0.112534, 0.161461, 9.7733, -0.106812, 0.0915527, -0.0305176, 21.8779, 92213.3
27913, 0.000410156, 0, -0.000410156, 0.00502441, 0.11498, 0.159015, 9.85404, 0, 0.0610352, -0.0305176, 21.8842, 92212.9
27933, 0.000820312, 0.00164062, 0.000410156, 0.00287109, 0.112534, 0.161461, 9.7733, -0.0305176, 0, 0.0610352, 21.8849, 92213.4
27943, 0.00287109, -0.000820312, 0.00205078, 0.000410156, 0.129658, 0.163908, 9.79288, -0.0915527, 0, -0.0152588, 21.8933, 92213.2
27953, 0.00369141, -0.000820312, 0.00205078, 0.00287109, 0.139444, 0.144337, 9.81979, -0.0152588, 0.0305176, 0.0305176, 21.8779, 92212.9
27963, 0.00287109, 0.000820312, 0.00205078, 0.00164062, 0.149229, 0.161461, 9.80266, -0.152588, -0.0305176, 0.0152588, 21.883, 92213.4
27973, 0.00287109, 0.00123047, 0.00123047, 0.00164062, 0.156569, 0.146783, 9.77575, -0.0610352, 0, 0.0152588, 21.8848, 92213.2
27983, 0, 0, 0.00246094, 0.00164062, 0.127212, 0.136998, 9.75863, -0.0762939, 0.0457764, -0.0152588, 21.8842, 92213.1
27993, 0.00287109, 0.000820312, 0.00164062, 0.00205078, 0.149229, 0.146783, 9.81, -0.0305176, -0.0762939, 0.0610352, 21.883, 92213.1
28003, 0.00123047, 0.00123047, 0.00328125, 0.000820312, 0.134551, 0.163908, 9.78309, 0, 0.0152588, 0.0457764, 21.8737, 92212.7
28023, 0.000820312, 0.000410156, 0.00164062, 0.00164062, 0.129658, 0.171247, 9.82223, 0.0610352, -0.0915527, 0.0457764, 21.8865, 92213.2
28033, 0.000820312, 0.000410156, 0.00246094, 0.00164062, 0.124766, 0.156569, 9.81, -0.0152588, -0.0152588, 0.0457764, 21.875, 92212.4
28043, 0.000820312, 0.00410156, 0.00287109, 0.000410156, 0.117426, 0.163908, 9.80755, -0.0457764, -0.106812, 0.0457764, 21.8765, 92213.4
28053, 0.00369141, 0.00123047, -0.000410156, 0.00164062, 0.107641, 0.178586, 9.75618, -0.0152588, 0, -0.0457764, 21.8985, 92212.9
28063, 0.000820312, 0.00123047, -0.000410156, 0.00164062, 0.105195, 0.183479, 9.76107, -0.0610352, 0.0152588, 0.0915527, 21.877, 92213.2
28073, 0.000820312, 0.000820312, -0.000410156, 0.00205078, 0.100302, 0.161461, 9.83202, 0, 0.0305176, 0.0152588, 21.8787, 92212.6
28083, 0.000820312, 0, 0.00164062, 0.00246094, 0.0880698, 0.151676, 9.82223, 0.0152588, -0.0152588, 0.0457764, 21.8809, 92213.2
28103, 0.00205078, -0.00123047, 0.000820312, 0.00287109, 0.100302, 0.163908, 9.81, -0.0457764, -0.0762939, 0.0152588, 21.8741, 92213.2
28113, 0.00543457, -0.00123047, 0.000410156, 0.000410156, 0.112534, 0.151676, 9.80266, -0.0915527, 0.0457764, -0.0305176, 21.8897, 92213.1
28123, 0.00287109, -0.000410156, 0.000410156, 0.00123047, 0.132105, 0.149229, 9.81, 0, 0.0610352, 0, 21.8846, 92212.8
28133, 0.00287109, 0.00123047, 0.00205078, 0.00287109, 0.144337, 0.156569, 9.76107, -0.0457764, 0.0152588, 0, 21.8906, 92213
28143, 0.00369141, -0.000410156, -0.000410156, 0.00287109, 0.139444, 0.156569, 9.80266, -0.0915527, 0.0152588, -0.0152588, 21.8871, 92212.9
28153, 0.00287109, 0.000410156, 0.00287109, 0.00123047, 0.14189, 0.166354, 9.80021, -0.12207, 0.0610352, 0.106812, 21.878, 92213.1
28163, 0.00164062, 0.000410156, 0.00164062, 0.00328125, 0.139444, 0.171247, 9.79532, -0.0152588, -0.0305176, 0.0915527, 21.8817, 92212.5
28173, 0.00328125, 0.00123047, 0.00164062, 0.00123047, 0.151676, 0.149229, 9.79532, 0, -0.0915527, 0.0915527, 21.888, 92212.8
28193, 0, -0.000410156, 0.00164062, 0.00287109, 0.11498, 0.144337, 9.79043, -0.106812, 0.0457764, 0.0610352, 21.8746, 92212.9
28203, 0.00205078, -0.000410156, 0.000820312, 0.000820312, 0.132105, 0.139444, 9.79043, -0.12207, -0.0152588, 0.0305176, 21.8756, 92213.2
28213, 0.00328125, 0.00123047, 0.000820312, 0.00164062, 0.132105, 0.149229, 9.79288, -0.106812, -0.0610352, 0.0610352, 21.8742, 92213.2
28223, 0.00164062, 0.00123047, 0.000820312, 0.00410156, 0.124766, 0.163908, 9.80021, -0.12207, 0, 0.0305176, 21.8856, 92212.4
28233, 0.00287109, -0.000410156, -0.00123047, 0.00123047, 0.122319, 0.144337, 9.78309, -0.0152588, -0.0457764, 0, 21.8853, 92212.6
28243, 0.00287109, 0.00410156, 0, 0.00123047, 0.11498, 0.17614, 9.78798, -0.0152588, 0, 0.0305176, 21.8843, 92212.8
28253, 0.00205078, 0.00164062, 0.00164062, 0.00328125, 0.095409, 0.173693, 9.80755, -0.0457764, 0.0152588, -0.0152588, 21.8852, 92213.6
28273, 0.000410156, -0.00123047, 0.00205078, 0.00328125, 0.102748, 0.166354, 9.78554, -0.0915527, -0.0305176, 0.0305176, 21.8803, 92212.8
28283, 0.00164062, 0, 0, 0.00287109, 0.107641, 0.163908, 9.79288, -0.0762939, 0.0152588, 0, 21.8918, 92212.8
28293, 0.00164062, 0.000410156, -0.00164062, 0.00123047, 0.122319, 0.151676, 9.78309, -0.0457764, -0.0457764, 0.0457764, 21.8943, 92212.3
28303, 0.000410156, -0.000820312, 0.00164062, 0.00123047, 0.14189, 0.161461, 9.76107, -0.0457764, 0.0152588, 0.0457764, 21.8883, 92212.9
28313, 0.00287109, 0.000820312, 0.00205078, 0.00246094, 0.136998, 0.171247, 9.7733, -0.0152588, 0.0152588, 0.137329, 21.8814, 92213.1
28323, -0.000410156, 0.000820312, 0.00205078, 0.00205078, 0.134551, 0.146783, 9.81734, -0.0457764, 0.0152588, 0.0610352, 21.8835, 92212.8
28333, 0.00410156, -0.000820312, 0.00205078, 0.00410156, 0.132105, 0.144337, 9.82712, -0.0762939, 0, 0.0610352, 21.8892, 92212.9
28343, 0.00410156, 0.00123047, 0.000820312, -0.000410156, 0.139444, 0.163908, 9.77086, -0.0152588, 0.0305176, 0.0305176, 21.8894, 92212.9
28363, 0.00205078, 0.00205078, -0.000410156, 0.00246094, 0.134551, 0.144337, 9.79532, -0.0152588, 0.0915527, 0.0152588, 21.8748, 92212.7
28373, 0.00123047, 0.00205078, 0.00246094, 0.00246094, 0.117426, 0.156569, 9.80755, -0.106812, -0.0610352, -0.0152588, 21.8865, 92212.9
28383, 0.00164062, -0.00246094, 0.00246094, 0.00164062, 0.127212, 0.154122, 9.81489, -0.0915527, -0.0305176, 0.0915527, 21.8769, 92212.9
28393, 0.00205078, 0.00164062, 0.000820312, 0.000820312, 0.146783, 0.159015, 9.78064, -0.0457764, 0.106812, 0.0152588, 21.8861, 92213
28403, 0.00205078, 0.00123047, 0.00246094, 0.000820312, 0.119873, 0.151676, 9.7782, -0.0610352, 0.0457764, 0.0762939, 21.8838, 92213.2
28413, 0.00205078, 0.00287109, 0.00205078, 0.00205078, 0.119873, 0.156569, 9.80755, -0.0305176, 0.0152588, 0.106812, 21.8941, 92213
28423, 0.000820312, 0.00287109, 0.000410156, 0.00164062, 0.122319, 0.161461, 9.81245, -0.0457764, -0.0305176, 0.0305176, 21.893, 92212.9
28443, 0.00164062, -0.000820312, 0.00205078, 0.00123047, 0.117426, 0.168801, 9.78798, -0.0915527, -0.0610352, 0.0610352, 21.8891, 92212.5
28453, 0.00164062, -0.00205078, 0, 0.00123047, 0.107641, 0.163908, 9.79532, -0.137329, -0.0457764, 0.0457764, 21.8823, 92212.9
28463, 0.00287109, 0.000410156, 0.00328125, 0.000410156, 0.107641, 0.161461, 9.80266, -0.0152588, -0.0457764, 0.0610352, 21.8961, 92213
28473, 0.00410156, 0.00246094, 0.00123047, 0.00287109, 0.112534, 0.149229, 9.81979, -0.106812, -0.0305176, 0.0152588, 21.897, 92212.9
28483, 0.00287109, 0.00246094, 0.00123047, 0.00246094, 0.122319, 0.14189, 9.80266, -0.137329, -0.0457764, -0.0457764, 21.8911, 92212.5
28493, 0.00287109, 0.000820312, -0.000820312, 0.00543457, 0.117426, 0.159015, 9.80021, -0.0457764, 0.0457764, 0, 21.8827, 92213.2
28503, 0.00287109, 0.000410156, 0.00205078, 0.00205078, 0.112534, 0.173693, 9.79777, 0, 0.0305176, 0.0152588, 21.8935, 92212.8
28513, 0.00328125, 0.00123047, 0.000410156, 0.00205078, 0.117426, 0.159015, 9.79288, -0.0305176, 0.137329, 0.0152588, 21.8885, 92213.3
28533, 0.00205078, 0.00164062, 0.00123047, 0.00369141, 0.127212, 0.161461, 9.81245, 0, 0.0762939, -0.0457764, 21.891, 92212.6
28543, 0.00246094, -0.000410156, 0.00123047, 0.00164062, 0.134551, 0.139444, 9.81489, -0.106812, 0.0457764, -0.0610352, 21.8924, 92212.4
28553, 0.00246094, 0.00123047, -0.000410156, 0.00164062, 0.129658, 0.146783, 9.80021, -0.0610352, -0.0152588, 0.0305176, 21.8862, 92213
28563, 0.00205078, 0.000410156, 0.000820312, 0.00164062, 0.119873, 0.129658, 9.81245, -0.106812, -0.0152588, 0.0305176, 21.9055, 92213.5
28573, 0.00246094, 0.00205078, 0.00164062, 0.00246094, 0.136998, 0.139444, 9.82957, -0.137329, 0.0915527, 0.0152588, 21.8918, 92213.1
28583, 0.00502441, 0.00205078, 0.00287109, 0.00164062, 0.129658, 0.149229, 9.84914, -0.198364, -0.0610352, -0.0305176, 21.8853, 92212.8
28593, 0.00246094, 0.000820312, 0.00287109, 0.00164062, 0.124766, 0.134551, 9.78309, -0.198364, 0.0152588, 0, 21.8887, 92213.1
28603, 0, 0, -0.000820312, 0.00164062, 0.117426, 0.14189, 9.673, -0.0762939, 0.0762939, -0.0152588, 21.8871, 92213
28623, 0.00287109, -0.000820312, 0.00164062, 0.00123047, 0.129658, 0.161461, 9.86382, -0.0915527, 0.0152588, 0.0152588, 21.8865, 92213.1
28633, 0.00164062, -0.000820312, 0.00246094, 0.00410156, 0.14189, 0.173693, 9.83446, -0.0457764, 0.0305176, 0.0305176, 21.8879, 92213.4
28643, 0.000820312, -0.000410156, 0.00246094, 0.00246094, 0.122319, 0.159015, 9.76597, -0.0457764, 0.0457764, 0.0457764, 21.8919, 92212.6
28653, 0.00410156, 0, 0.00123047, 0.00164062, 0.132105, 0.200604, 9.72927, -0.106812, -0.0762939, 0.0457764, 21.8809, 92213
28663, 0.00410156, 0.00123047, 0.00328125, 0.00164062, 0.132105, 0.161461, 9.81734, -0.0305176, -0.0610352, 0.0152588, 21.8849, 92212.6
28673, 0.000410156, 0.00123047, -0.000410156, 0.00246094, 0.112534, 0.149229, 9.83691, -0.0762939, 0.0152588, 0.0152588, 21.8953, 92212.8
